mean_fit_time,std_fit_time,mean_score_time,std_score_time,param_max_depth,param_min_samples_leaf,param_min_samples_split,param_n_estimators,params,split0_test_score,split1_test_score,split2_test_score,split3_test_score,split4_test_score,mean_test_score,std_test_score,rank_test_score
0.06969094276428223,0.0048098715301356345,0.026126813888549805,0.0045971417086031535,5,1,2,50,"{'max_depth': 5, 'min_samples_leaf': 1, 'min_samples_split': 2, 'n_estimators': 50}",-3.042128435895382,-1.6133478746618999,0.2034257745141559,0.1532867944543459,-3.1585487047146694,-1.4914624892606896,1.468090174883435,103
0.12308158874511718,0.012956125855825742,0.03761587142944336,0.016256309955384053,5,1,2,100,"{'max_depth': 5, 'min_samples_leaf': 1, 'min_samples_split': 2, 'n_estimators': 100}",-2.5762099470190005,-1.657311481369511,0.21304928936806078,0.30370491629428165,-3.7339812912243486,-1.4901497027901036,1.5723263855107616,102
0.226625394821167,0.02247930458149794,0.03691287040710449,0.005581323132486518,5,1,2,200,"{'max_depth': 5, 'min_samples_leaf': 1, 'min_samples_split': 2, 'n_estimators': 200}",-3.1222830485269233,-1.7431919438355172,0.21872808293159374,0.39258958902823093,-3.4647394663128956,-1.5437793573431022,1.617249776409363,104
0.08543562889099121,0.013818434447129185,0.019293451309204103,0.003582184967608715,5,1,5,50,"{'max_depth': 5, 'min_samples_leaf': 1, 'min_samples_split': 5, 'n_estimators': 50}",-2.557768184119928,-1.787173725108544,0.18534924476015058,0.1547458658385199,-2.950266187238074,-1.3910225971735752,1.328444193729226,95
0.11521697044372559,0.010208375081927542,0.024000263214111327,0.00825298212406871,5,1,5,100,"{'max_depth': 5, 'min_samples_leaf': 1, 'min_samples_split': 5, 'n_estimators': 100}",-2.068238616380248,-1.6914420581295726,0.19478762031350028,0.3016565433534002,-3.3123113276313587,-1.3151095676948557,1.3850174405698772,92
0.20859885215759277,0.007727169196021793,0.03394465446472168,0.002058447875005382,5,1,5,200,"{'max_depth': 5, 'min_samples_leaf': 1, 'min_samples_split': 5, 'n_estimators': 200}",-2.122185540011657,-1.9183088648243292,0.20625195466542423,0.36178130541444087,-3.1079087386473603,-1.3160739766806961,1.3679070959775577,93
0.07531723976135254,0.013667712237120757,0.03657665252685547,0.008788961618559755,5,1,10,50,"{'max_depth': 5, 'min_samples_leaf': 1, 'min_samples_split': 10, 'n_estimators': 50}",-2.699678392862942,-1.2269834484372892,0.017088644043913748,0.18567531988467012,-1.124532984127765,-0.9696861722998825,1.0384254640986943,61
0.10963573455810546,0.015037351154246198,0.026118659973144533,0.01258108557462151,5,1,10,100,"{'max_depth': 5, 'min_samples_leaf': 1, 'min_samples_split': 10, 'n_estimators': 100}",-2.033505644261026,-1.1399731710908028,0.03320355639577233,0.20181973943308662,-1.4490028928382794,-0.87749168247225,0.8632692324928812,52
0.23413996696472167,0.028804823374685713,0.039947128295898436,0.014895962405336218,5,1,10,200,"{'max_depth': 5, 'min_samples_leaf': 1, 'min_samples_split': 10, 'n_estimators': 200}",-1.74919772523257,-1.1038378098709782,0.03435549703683638,0.22101920491841365,-1.5670135560555258,-0.8329348778407649,0.8142247002913516,46
0.0765571117401123,0.015154883167270098,0.026277446746826173,0.008706061809967988,5,2,2,50,"{'max_depth': 5, 'min_samples_leaf': 2, 'min_samples_split': 2, 'n_estimators': 50}",-2.309972436165103,-0.2962338507869935,0.11823654079303425,0.36401823968088565,-2.46603044883719,-0.9179963910630733,1.2196668080391235,57
0.11950969696044922,0.012463213194858809,0.025365066528320313,0.006786508810862626,5,2,2,100,"{'max_depth': 5, 'min_samples_leaf': 2, 'min_samples_split': 2, 'n_estimators': 100}",-2.0810232497316665,-0.4991017152342505,0.1311347946378435,0.3906832419382982,-3.2829746032986877,-1.0682563063376926,1.4015459024750185,84
0.21748566627502441,0.010387472610679913,0.0548133373260498,0.0109466544851756,5,2,2,200,"{'max_depth': 5, 'min_samples_leaf': 2, 'min_samples_split': 2, 'n_estimators': 200}",-2.142840668778832,-0.5229071939688361,0.14071936623133752,0.40423055233835636,-3.1252779152802113,-1.0492151718916372,1.3646612772298796,82
0.06698346138000488,0.006681632164260909,0.03234453201293945,0.008996886123781817,5,2,5,50,"{'max_depth': 5, 'min_samples_leaf': 2, 'min_samples_split': 5, 'n_estimators': 50}",-2.4355705604347877,-0.35865132737882743,0.10986546231537297,0.32627153546686194,-2.6938812415711024,-1.0103932263204964,1.2908665344542671,76
0.11889519691467285,0.018637562266078274,0.020470476150512694,0.008310609163798187,5,2,5,100,"{'max_depth': 5, 'min_samples_leaf': 2, 'min_samples_split': 5, 'n_estimators': 100}",-1.9987787933656005,-0.48530342174292795,0.12253392582127443,0.353313519971301,-3.3301281432396834,-1.0676725825111273,1.3971836540342295,83
0.23277673721313477,0.03271037575066576,0.036516332626342775,0.0034412610108563563,5,2,5,200,"{'max_depth': 5, 'min_samples_leaf': 2, 'min_samples_split': 5, 'n_estimators': 200}",-1.8740657167767383,-0.5285184065476984,0.13331336507217406,0.3622183009729799,-3.2619500251281295,-1.0338004964814824,1.3591930842621922,80
0.06186943054199219,0.006311301597150489,0.026294469833374023,0.006887864648777112,5,2,10,50,"{'max_depth': 5, 'min_samples_leaf': 2, 'min_samples_split': 10, 'n_estimators': 50}",-2.5467958068959167,-0.9809004869631566,0.017391965743515092,0.21842650361254057,-1.1272186136323619,-0.8838192876270761,0.9860310747954254,53
0.11948127746582031,0.030945397741495087,0.029221534729003906,0.00758435401036512,5,2,10,100,"{'max_depth': 5, 'min_samples_leaf': 2, 'min_samples_split': 10, 'n_estimators': 100}",-1.834517454175539,-0.9101392505528063,0.032390992836783705,0.2368813607825997,-1.450308618340519,-0.785138593889896,0.808968692957949,41
0.20597872734069825,0.013315598354940245,0.03903355598449707,0.0048392268209913915,5,2,10,200,"{'max_depth': 5, 'min_samples_leaf': 2, 'min_samples_split': 10, 'n_estimators': 200}",-1.6308365958263948,-0.7813596131541423,0.033991173290769505,0.2543173183293692,-1.5661004499052646,-0.7379976334531326,0.7830008467301028,38
0.06859340667724609,0.013517580955492874,0.02316703796386719,0.005190516660857572,5,4,2,50,"{'max_depth': 5, 'min_samples_leaf': 4, 'min_samples_split': 2, 'n_estimators': 50}",-1.758862453184872,-0.884980425227726,0.034817941149411946,0.2873943678883387,-1.3056818712055174,-0.725462488116073,0.7789635850868125,32
0.11626605987548828,0.014422434107180882,0.0316103458404541,0.010327303624838325,5,4,2,100,"{'max_depth': 5, 'min_samples_leaf': 4, 'min_samples_split': 2, 'n_estimators': 100}",-1.3966361554749285,-0.8542811590439272,0.0406515947707603,0.26621976731192887,-1.6385701478785872,-0.7165232200629508,0.7577333134044199,15
0.214967679977417,0.02094975696217977,0.03882069587707519,0.006462182048436627,5,4,2,200,"{'max_depth': 5, 'min_samples_leaf': 4, 'min_samples_split': 2, 'n_estimators': 200}",-1.395101797016105,-0.807828855707901,0.04288606326956912,0.28816462893352635,-1.7506593817962903,-0.7245078684634401,0.7904460216469236,29
0.07564816474914551,0.007312597845431861,0.03611922264099121,0.007367273872555592,5,4,5,50,"{'max_depth': 5, 'min_samples_leaf': 4, 'min_samples_split': 5, 'n_estimators': 50}",-1.758862453184872,-0.884980425227726,0.034817941149411946,0.2873943678883387,-1.3056818712055165,-0.7254624881160727,0.7789635850868125,31
0.12416863441467285,0.013993696379634752,0.027266502380371094,0.010991507485291636,5,4,5,100,"{'max_depth': 5, 'min_samples_leaf': 4, 'min_samples_split': 5, 'n_estimators': 100}",-1.3966361554749285,-0.8542811590439272,0.0406515947707603,0.26621976731192876,-1.6385701478785868,-0.7165232200629508,0.7577333134044199,15
0.21994404792785643,0.016814223474559208,0.035294389724731444,0.0062231563086074864,5,4,5,200,"{'max_depth': 5, 'min_samples_leaf': 4, 'min_samples_split': 5, 'n_estimators': 200}",-1.395101797016106,-0.807828855707901,0.04288606326956912,0.28816462893352646,-1.7506593817962903,-0.7245078684634402,0.7904460216469236,30
0.07143874168395996,0.007982213319597158,0.02660055160522461,0.010090110585847122,5,4,10,50,"{'max_depth': 5, 'min_samples_leaf': 4, 'min_samples_split': 10, 'n_estimators': 50}",-1.7064728605333852,-0.9608906562393174,0.01758566325629396,0.24638843568744784,-1.1237334679498812,-0.7054245771557685,0.730894620378531,10
0.11093988418579101,0.012717994878388957,0.029933452606201172,0.0027760325262545017,5,4,10,100,"{'max_depth': 5, 'min_samples_leaf': 4, 'min_samples_split': 10, 'n_estimators': 100}",-1.3219434501424123,-0.87195045212514,0.0264038049841423,0.24977842862627297,-1.410273103883548,-0.665596954508137,0.684790800017803,8
0.21540412902832032,0.009346444298101435,0.03880534172058105,0.005460355082619623,5,4,10,200,"{'max_depth': 5, 'min_samples_leaf': 4, 'min_samples_split': 10, 'n_estimators': 200}",-1.2885861738393856,-0.7867960911351233,0.0314252027813362,0.26745910185724264,-1.4973757762601383,-0.6547747473192136,0.7000726673235599,4
0.08031177520751953,0.01932586342131126,0.023983049392700195,0.00687411895428677,10,1,2,50,"{'max_depth': 10, 'min_samples_leaf': 1, 'min_samples_split': 2, 'n_estimators': 50}",-3.230260005142582,-1.8973515295292955,0.21923008138794509,0.31386604072488355,-2.7586183748796613,-1.4706267574877419,1.481712272107223,100
0.12633709907531737,0.010856550060825169,0.04476838111877442,0.012165324648836845,10,1,2,100,"{'max_depth': 10, 'min_samples_leaf': 1, 'min_samples_split': 2, 'n_estimators': 100}",-2.5585898435138503,-1.876795844354799,0.22582505496660488,0.4166045920972492,-3.130977918626858,-1.3847867918863306,1.4497000656923245,94
0.24631190299987793,0.03211368974987552,0.046202898025512695,0.010077295264938045,10,1,2,200,"{'max_depth': 10, 'min_samples_leaf': 1, 'min_samples_split': 2, 'n_estimators': 200}",-3.000521080650043,-1.7720057382207628,0.23071400562111188,0.449178519989626,-3.0792977098805894,-1.4343864006281313,1.522686707203004,99
0.07791657447814941,0.009568308435373755,0.03759808540344238,0.01339666287413071,10,1,5,50,"{'max_depth': 10, 'min_samples_leaf': 1, 'min_samples_split': 5, 'n_estimators': 50}",-2.533068615240481,-1.6225600715352577,0.187613800739187,0.19578860682120147,-2.685065074268292,-1.2914582706967284,1.264351378402862,88
0.12770676612854004,0.017548935142204437,0.030986309051513672,0.002809046383645186,10,1,5,100,"{'max_depth': 10, 'min_samples_leaf': 1, 'min_samples_split': 5, 'n_estimators': 100}",-1.9694898577923077,-1.6901507770967106,0.2021447603583184,0.36985134633516137,-3.1417787069653613,-1.24588464703218,1.3433378686527133,85
0.23078322410583496,0.03972321782493193,0.05109438896179199,0.011860368278543674,10,1,5,200,"{'max_depth': 10, 'min_samples_leaf': 1, 'min_samples_split': 5, 'n_estimators': 200}",-1.9057914933922233,-1.8929092523498499,0.21754989799651736,0.41802643814709195,-3.1110832939774475,-1.2548415407151823,1.3596266778472221,86
0.08323750495910645,0.01908160578975614,0.04263162612915039,0.01812899768482905,10,1,10,50,"{'max_depth': 10, 'min_samples_leaf': 1, 'min_samples_split': 10, 'n_estimators': 50}",-2.6730809692020934,-1.216039354055463,0.01649624148141693,0.18501734193098351,-1.1260071248801409,-0.9627227729450596,1.0288181062623238,58
0.12095675468444825,0.007242048519100536,0.035703849792480466,0.008537134255569977,10,1,10,100,"{'max_depth': 10, 'min_samples_leaf': 1, 'min_samples_split': 10, 'n_estimators': 100}",-2.0194581165327876,-1.1273813966776114,0.032576370019299916,0.2090297652723312,-1.4523534513766223,-0.8715173658590782,0.8608800745068053,49
0.23498849868774413,0.01733381273362963,0.04650359153747559,0.008042455770931685,10,1,10,200,"{'max_depth': 10, 'min_samples_leaf': 1, 'min_samples_split': 10, 'n_estimators': 200}",-1.7048603267519997,-1.130711973198422,0.03402406322537477,0.22505100681042445,-1.5727533497791697,-0.8298501159387583,0.8083515222025254,45
0.07372055053710938,0.007712004275088187,0.028540611267089844,0.0033587866614394773,10,2,2,50,"{'max_depth': 10, 'min_samples_leaf': 2, 'min_samples_split': 2, 'n_estimators': 50}",-2.9430333769156354,-0.38998897601530413,0.11743074087569416,0.3933589705032565,-2.342895353897427,-1.0330255990898831,1.3517031711932912,79
0.13166093826293945,0.030580243362004798,0.03349142074584961,0.01023239552258212,10,2,2,100,"{'max_depth': 10, 'min_samples_leaf': 2, 'min_samples_split': 2, 'n_estimators': 100}",-2.1897304268840205,-0.4938743124159275,0.13105158622769553,0.4069155921123465,-2.9865000497832708,-1.0264275221486354,1.3321412276840214,78
0.24893016815185548,0.022668142875462597,0.038129997253417966,0.006127514424150995,10,2,2,200,"{'max_depth': 10, 'min_samples_leaf': 2, 'min_samples_split': 2, 'n_estimators': 200}",-2.2816525686362286,-0.48527107713008677,0.14329593911514438,0.4093825537263679,-3.0078882180774196,-1.0444266742004444,1.358146561109489,81
0.08668599128723145,0.011635806029366196,0.02672233581542969,0.009407663301470207,10,2,5,50,"{'max_depth': 10, 'min_samples_leaf': 2, 'min_samples_split': 5, 'n_estimators': 50}",-2.6199183056094357,-0.34272050323537684,0.11103814710888238,0.32540851225435774,-2.5798228330502804,-1.0212029965063707,1.3069703509204726,77
0.12132668495178223,0.007002831838216217,0.03517403602600098,0.013494443272109906,10,2,5,100,"{'max_depth': 10, 'min_samples_leaf': 2, 'min_samples_split': 5, 'n_estimators': 100}",-1.9139451625867694,-0.4056627514888034,0.1235095881386884,0.3802104975043582,-3.2127714574968316,-1.0057318571858715,1.3602926589100643,74
0.23775229454040528,0.02650227260341468,0.05051355361938477,0.0018671854151066085,10,2,5,200,"{'max_depth': 10, 'min_samples_leaf': 2, 'min_samples_split': 5, 'n_estimators': 200}",-1.8926326601681587,-0.44356593507608677,0.1343554454890088,0.38528898066377415,-3.179070771203934,-0.9991249880590793,1.3461460076047844,71
0.08312544822692872,0.01677248594830499,0.0343900203704834,0.013698864112452677,10,2,10,50,"{'max_depth': 10, 'min_samples_leaf': 2, 'min_samples_split': 10, 'n_estimators': 50}",-2.5656433789764987,-0.9687052936735903,0.017402825878590433,0.2176173578797136,-1.1293593583680832,-0.8857375694519736,0.9921061855987402,54
0.12631611824035643,0.017500069420387166,0.03868093490600586,0.012432048785949666,10,2,10,100,"{'max_depth': 10, 'min_samples_leaf': 2, 'min_samples_split': 10, 'n_estimators': 100}",-1.8447107630061588,-0.898588096692434,0.032079506687941906,0.23704273835902567,-1.4542199623724192,-0.7856793154048088,0.8119030098372314,42
0.2331268310546875,0.011593816654750823,0.03591551780700684,0.014269581136082095,10,2,10,200,"{'max_depth': 10, 'min_samples_leaf': 2, 'min_samples_split': 10, 'n_estimators': 200}",-1.6299538221131749,-0.7690220308649085,0.033767176742049876,0.2545519889118846,-1.5694431114986278,-0.7360199597645554,0.7834036070675788,37
0.08008575439453125,0.01645926890813653,0.04170370101928711,0.01998688489010612,10,4,2,50,"{'max_depth': 10, 'min_samples_leaf': 4, 'min_samples_split': 2, 'n_estimators': 50}",-1.781941346688979,-0.877898058025486,0.03513275446322661,0.29476280547978373,-1.2894353338161175,-0.7238758357175146,0.7844490726197553,27
0.11194353103637696,0.004089927673339843,0.028638362884521484,0.0064389979211512405,10,4,2,100,"{'max_depth': 10, 'min_samples_leaf': 4, 'min_samples_split': 2, 'n_estimators': 100}",-1.3862489204670285,-0.8455026637002474,0.04077612885943516,0.2632652657682897,-1.6322521867338926,-0.7119924752546887,0.7532745706136782,14
0.2211061477661133,0.018072474550966264,0.039200639724731444,0.005841661364388242,10,4,2,200,"{'max_depth': 10, 'min_samples_leaf': 4, 'min_samples_split': 2, 'n_estimators': 200}",-1.3871839997027862,-0.7947826864632233,0.04309379020922366,0.28653950846630516,-1.7487035648268359,-0.7202073904634633,0.7879583318484491,21
0.0794595718383789,0.007279997672322619,0.033388519287109376,0.013577882536020115,10,4,5,50,"{'max_depth': 10, 'min_samples_leaf': 4, 'min_samples_split': 5, 'n_estimators': 50}",-1.781941346688979,-0.877898058025486,0.03513275446322661,0.29476280547978384,-1.289435333816118,-0.7238758357175146,0.7844490726197555,27
0.12295751571655274,0.01685600716920846,0.03606748580932617,0.009469377111808184,10,4,5,100,"{'max_depth': 10, 'min_samples_leaf': 4, 'min_samples_split': 5, 'n_estimators': 100}",-1.3862489204670285,-0.845502663700247,0.04077612885943516,0.2632652657682897,-1.6322521867338922,-0.7119924752546886,0.7532745706136781,13
0.218589448928833,0.02952797840906798,0.04600205421447754,0.008386426398294261,10,4,5,200,"{'max_depth': 10, 'min_samples_leaf': 4, 'min_samples_split': 5, 'n_estimators': 200}",-1.3871839997027857,-0.7947826864632233,0.04309379020922366,0.28653950846630516,-1.7487035648268359,-0.7202073904634633,0.787958331848449,21
0.07303004264831543,0.0037470430697297183,0.03201394081115723,0.010227229364602925,10,4,10,50,"{'max_depth': 10, 'min_samples_leaf': 4, 'min_samples_split': 10, 'n_estimators': 50}",-1.7150347667062533,-0.9530843283109864,0.017445294599929495,0.25771169098876867,-1.1284168286583753,-0.7042757876173834,0.7361706671605631,9
0.11518545150756836,0.0069548400136237665,0.03843541145324707,0.019063512632525356,10,4,10,100,"{'max_depth': 10, 'min_samples_leaf': 4, 'min_samples_split': 10, 'n_estimators': 100}",-1.290991635384926,-0.8630657553785428,0.02617131732804434,0.25559940513331203,-1.4138205288457977,-0.657221439429582,0.6806976245077576,5
0.24784393310546876,0.05484517672869209,0.04180192947387695,0.007232301196761707,10,4,10,200,"{'max_depth': 10, 'min_samples_leaf': 4, 'min_samples_split': 10, 'n_estimators': 200}",-1.272826008537356,-0.7773599169408874,0.03147280415532305,0.2705613431699102,-1.5011343265685655,-0.6498572209443151,0.6986273247776534,1
0.08550567626953125,0.02324167618155355,0.03775777816772461,0.03212067773068403,15,1,2,50,"{'max_depth': 15, 'min_samples_leaf': 1, 'min_samples_split': 2, 'n_estimators': 50}",-3.4145907186879363,-1.8094684843028839,0.21562934011868085,0.1701511937165835,-3.2594578613421596,-1.6195473060995433,1.5823053800876832,108
0.13282394409179688,0.011117600484655585,0.036293745040893555,0.006122532349246123,15,1,2,100,"{'max_depth': 15, 'min_samples_leaf': 1, 'min_samples_split': 2, 'n_estimators': 100}",-2.72082002025626,-2.0141966982557196,0.21896063419562628,0.3689271368659768,-3.6711897916693523,-1.563663747823946,1.6060083324004342,106
0.24267001152038575,0.037560896694932844,0.05455341339111328,0.012506884598794463,15,1,2,200,"{'max_depth': 15, 'min_samples_leaf': 1, 'min_samples_split': 2, 'n_estimators': 200}",-2.8070743523202997,-2.006468686286859,0.2280753707926465,0.3895573821129127,-3.524990558031721,-1.544180168746664,1.5882350458093675,105
0.0855799674987793,0.011768370393959173,0.04457325935363769,0.018904924488256453,15,1,5,50,"{'max_depth': 15, 'min_samples_leaf': 1, 'min_samples_split': 5, 'n_estimators': 50}",-2.5416387322768834,-2.2606993140128075,0.19332159448015995,0.14960790658392265,-2.677226001374854,-1.4273269093200924,1.3123774708889322,98
0.1284912109375,0.00836035821054268,0.03493809700012207,0.013483114365661271,15,1,5,100,"{'max_depth': 15, 'min_samples_leaf': 1, 'min_samples_split': 5, 'n_estimators': 100}",-2.015472727795087,-1.91288036749533,0.20043714483127273,0.3172672027129647,-3.143360389613833,-1.3108018274720024,1.3529066877101155,91
0.2409029483795166,0.009897649005321493,0.0369931697845459,0.004989247236768069,15,1,5,200,"{'max_depth': 15, 'min_samples_leaf': 1, 'min_samples_split': 5, 'n_estimators': 200}",-2.0690729714904736,-1.8807672869268166,0.21086182137860954,0.3721097286628994,-3.0475043454284148,-1.2828746107608393,1.3460849384446998,87
0.09677658081054688,0.04117689188853427,0.04820184707641602,0.028105722116274347,15,1,10,50,"{'max_depth': 15, 'min_samples_leaf': 1, 'min_samples_split': 10, 'n_estimators': 50}",-2.690866291698484,-1.2541694917451265,0.01648603478346755,0.18520402790479307,-1.1267623571911325,-0.9740216155892962,1.0367524011571345,63
0.11317658424377441,0.018244786708241485,0.03809351921081543,0.007651182853446179,15,1,10,100,"{'max_depth': 15, 'min_samples_leaf': 1, 'min_samples_split': 10, 'n_estimators': 100}",-2.020494437745305,-1.1451177623513553,0.03252812626612156,0.20918180513796203,-1.4534945240546326,-0.8754793585494418,0.862419081936102,50
0.2665237903594971,0.053895581756284984,0.04713206291198731,0.013440698420593448,15,1,10,200,"{'max_depth': 15, 'min_samples_leaf': 1, 'min_samples_split': 10, 'n_estimators': 200}",-1.7339356911095014,-1.1163668797737043,0.034060328743647506,0.22518291247719324,-1.573691425033183,-0.8329501509391097,0.8138980738029106,47
0.08508181571960449,0.020669229525936868,0.04417724609375,0.014053694929742445,15,2,2,50,"{'max_depth': 15, 'min_samples_leaf': 2, 'min_samples_split': 2, 'n_estimators': 50}",-2.515338980550693,-0.36969460250418784,0.11516720812509196,0.3541141221702957,-2.4691602543962916,-0.976982501431157,1.259090378402063,65
0.12271580696105958,0.0038188689684967828,0.03468179702758789,0.008589808006514004,15,2,2,100,"{'max_depth': 15, 'min_samples_leaf': 2, 'min_samples_split': 2, 'n_estimators': 100}",-1.9245027851705188,-0.388140899025464,0.12827423202485444,0.3823089931099912,-3.140353187370411,-0.9884827292863096,1.341141780974753,67
0.23163895606994628,0.03905616276522649,0.059081220626831056,0.01386310992361807,15,2,2,200,"{'max_depth': 15, 'min_samples_leaf': 2, 'min_samples_split': 2, 'n_estimators': 200}",-1.9618347114163774,-0.41393471151359296,0.14167108945268791,0.40676575859243846,-3.1553327550200043,-0.9965330659809697,1.3562006117974574,69
0.08642182350158692,0.018168068361519126,0.026320457458496094,0.007694880034509936,15,2,5,50,"{'max_depth': 15, 'min_samples_leaf': 2, 'min_samples_split': 5, 'n_estimators': 50}",-2.513014056967252,-0.36941413302717074,0.11041460862507557,0.3397182290546559,-2.4086861449894332,-0.9681962994608249,1.240488201214422,59
0.115704345703125,0.012324176205406637,0.040906429290771484,0.007840406796436465,15,2,5,100,"{'max_depth': 15, 'min_samples_leaf': 2, 'min_samples_split': 5, 'n_estimators': 100}",-1.973311931265386,-0.4595562339331316,0.12337588375645359,0.35764711922706316,-3.0820420178061267,-1.0067774360042256,1.317517662279446,75
0.22928290367126464,0.011879432813767419,0.062375640869140624,0.007538797676826844,15,2,5,200,"{'max_depth': 15, 'min_samples_leaf': 2, 'min_samples_split': 5, 'n_estimators': 200}",-1.832542752507695,-0.4601488815534325,0.13391267897421577,0.36791381132514833,-3.1886279144653686,-0.9958986116454265,1.3365269069224555,68
0.07313027381896972,0.009496362450078618,0.02257375717163086,0.0069467729236370596,15,2,10,50,"{'max_depth': 15, 'min_samples_leaf': 2, 'min_samples_split': 10, 'n_estimators': 50}",-2.5627651201853707,-1.049451116424545,0.017348253392389545,0.2176440310365665,-1.1293638008174653,-0.901317550599685,0.993013449319481,55
0.12666397094726561,0.006563654613454239,0.02816944122314453,0.009349140473688542,15,2,10,100,"{'max_depth': 15, 'min_samples_leaf': 2, 'min_samples_split': 10, 'n_estimators': 100}",-1.8432502494544591,-0.9367361132205614,0.03199142411039413,0.23705081353476187,-1.4545025707277128,-0.7930893391515156,0.8127591028360348,43
0.2227766513824463,0.027546687231118652,0.049330854415893556,0.013566302234992896,15,2,10,200,"{'max_depth': 15, 'min_samples_leaf': 2, 'min_samples_split': 10, 'n_estimators': 200}",-1.6296297281260506,-0.7852927204725073,0.03378556792160703,0.25454475532640364,-1.5695753533341197,-0.7392334957369334,0.7835238590342932,39
0.07478899955749511,0.005248186894589153,0.02999224662780762,0.005997734349872443,15,4,2,50,"{'max_depth': 15, 'min_samples_leaf': 4, 'min_samples_split': 2, 'n_estimators': 50}",-1.7821673264886235,-0.8776353107459205,0.03516463312040696,0.2947183782280134,-1.3390413303936488,-0.7337921912559546,0.7918631670839168,36
0.11572480201721191,0.009892156703618793,0.03128805160522461,0.0027025521914662513,15,4,2,100,"{'max_depth': 15, 'min_samples_leaf': 4, 'min_samples_split': 2, 'n_estimators': 100}",-1.3856078802554572,-0.844744405685272,0.04082305910292938,0.2632573891712656,-1.661767775881854,-0.7176079227096777,0.7604130155581514,17
0.22978649139404297,0.020656705856964393,0.04260430335998535,0.003138525000559697,15,4,2,200,"{'max_depth': 15, 'min_samples_leaf': 4, 'min_samples_split': 2, 'n_estimators': 200}",-1.3882041752297587,-0.794000835768037,0.043119282092921374,0.2865262269028648,-1.7643103482762474,-0.7233739700556514,0.7922053032871414,25
0.07167692184448242,0.009427828210085858,0.03143496513366699,0.008112543730366153,15,4,5,50,"{'max_depth': 15, 'min_samples_leaf': 4, 'min_samples_split': 5, 'n_estimators': 50}",-1.782167326488624,-0.8776353107459205,0.03516463312040696,0.2947183782280134,-1.339041330393648,-0.7337921912559544,0.7918631670839169,33
0.11286768913269044,0.011716995575725187,0.026098251342773438,0.00581905607183311,15,4,5,100,"{'max_depth': 15, 'min_samples_leaf': 4, 'min_samples_split': 5, 'n_estimators': 100}",-1.3856078802554572,-0.8447444056852724,0.04082305910292938,0.2632573891712655,-1.661767775881855,-0.717607922709678,0.7604130155581517,20
0.22593536376953124,0.038315483103807876,0.038438034057617185,0.006328591749990843,15,4,5,200,"{'max_depth': 15, 'min_samples_leaf': 4, 'min_samples_split': 5, 'n_estimators': 200}",-1.3882041752297583,-0.794000835768037,0.043119282092921374,0.2865262269028648,-1.7643103482762479,-0.7233739700556514,0.7922053032871414,25
0.06496672630310059,0.008044482960478513,0.03615756034851074,0.008377037678230243,15,4,10,50,"{'max_depth': 15, 'min_samples_leaf': 4, 'min_samples_split': 10, 'n_estimators': 50}",-1.722579235161486,-0.954769446662803,0.01747699220179777,0.25767467937185073,-1.1286271818373583,-0.7061648384175998,0.7383794449781895,11
0.12172608375549317,0.008855463456648475,0.0296384334564209,0.003720675391943683,15,4,10,100,"{'max_depth': 15, 'min_samples_leaf': 4, 'min_samples_split': 10, 'n_estimators': 100}",-1.29389893827822,-0.8633015225191705,0.026188474729513023,0.25558210023248473,-1.4140363075731543,-0.6578932386817093,0.6813006882498954,6
0.22063570022583007,0.022506272605332518,0.055151939392089844,0.010574791756819388,15,4,10,200,"{'max_depth': 15, 'min_samples_leaf': 4, 'min_samples_split': 10, 'n_estimators': 200}",-1.273312360772072,-0.7771417781445311,0.03148636668301841,0.27054949187906796,-1.5012483289390754,-0.6499333218587184,0.6987334343090124,2
0.07471513748168945,0.017806912512741895,0.037505292892456056,0.005429172089112055,,1,2,50,"{'max_depth': None, 'min_samples_leaf': 1, 'min_samples_split': 2, 'n_estimators': 50}",-3.154411837525136,-1.880090075737051,0.2094670026682418,0.17009901699739782,-3.327546391053292,-1.5964964569299678,1.5418445533876648,107
0.11945695877075195,0.015589780164308793,0.046489286422729495,0.02189234503710309,,1,2,100,"{'max_depth': None, 'min_samples_leaf': 1, 'min_samples_split': 2, 'n_estimators': 100}",-2.4859688561736735,-1.7304695376926285,0.2187900468022651,0.3458484178347796,-3.340796267620674,-1.3985192393699861,1.4644921013617207,96
0.24338526725769044,0.015994656421736107,0.05880885124206543,0.0040833472726691245,,1,2,200,"{'max_depth': None, 'min_samples_leaf': 1, 'min_samples_split': 2, 'n_estimators': 200}",-2.5877045291445198,-1.9249146518777915,0.228858153753154,0.34793582508394993,-3.5009593477575773,-1.4873569099885569,1.534308313624262,101
0.12295737266540527,0.046220759137570705,0.033584213256835936,0.00904738579224191,,1,5,50,"{'max_depth': None, 'min_samples_leaf': 1, 'min_samples_split': 5, 'n_estimators': 50}",-2.5437018834381213,-2.0938552458403086,0.1899417955636975,0.15519221730648836,-2.715680955503807,-1.4016208143824103,1.3013093473797925,97
0.1183095932006836,0.0072936320660097545,0.03173317909240723,0.01570558130782686,,1,5,100,"{'max_depth': None, 'min_samples_leaf': 1, 'min_samples_split': 5, 'n_estimators': 100}",-2.0161308947232714,-1.836674507310169,0.19875222796910474,0.32109855183316316,-3.144020053077238,-1.295394935061682,1.3472479848793426,89
0.22664856910705566,0.026796826396582818,0.05332365036010742,0.008175798550801182,,1,5,200,"{'max_depth': None, 'min_samples_leaf': 1, 'min_samples_split': 5, 'n_estimators': 200}",-2.070095068626301,-1.8619090721225207,0.21107505336365173,0.36493767808740674,-3.1214511584936355,-1.2954885135582797,1.3624783348073777,90
0.08301210403442383,0.007606484368038083,0.034001922607421874,0.00721276437214392,,1,10,50,"{'max_depth': None, 'min_samples_leaf': 1, 'min_samples_split': 10, 'n_estimators': 50}",-2.6908662916984833,-1.2541694917451265,0.016486034783467662,0.1852029413734666,-1.1267641832309638,-0.974022198103528,1.0367522119850665,64
0.11502237319946289,0.015123366198814525,0.026552391052246094,0.0033132397896878203,,1,10,100,"{'max_depth': None, 'min_samples_leaf': 1, 'min_samples_split': 10, 'n_estimators': 100}",-2.0204944377453042,-1.1451177623513553,0.0325283908433498,0.2091813818088637,-1.4534950182257824,-0.8754794891340456,0.8624190974060966,51
0.2525026321411133,0.043669936535676156,0.047214937210083005,0.01504097063471449,,1,10,200,"{'max_depth': None, 'min_samples_leaf': 1, 'min_samples_split': 10, 'n_estimators': 200}",-1.7351016886041801,-1.1163668797737043,0.034060454628900394,0.22518235243809237,-1.5736605266337027,-0.8331772575889189,0.8141505790380473,48
0.06251335144042969,0.0034630726878920773,0.04022064208984375,0.009760493601834756,,2,2,50,"{'max_depth': None, 'min_samples_leaf': 2, 'min_samples_split': 2, 'n_estimators': 50}",-2.515338980550693,-0.37003927591367347,0.1158966705415837,0.36992432032304956,-2.4692664411951313,-0.9737647413589728,1.2625627266673558,62
0.13289098739624022,0.03307180917095616,0.03736882209777832,0.005196098620554976,,2,2,100,"{'max_depth': None, 'min_samples_leaf': 2, 'min_samples_split': 2, 'n_estimators': 100}",-1.924495431917049,-0.36393496762480804,0.12871453772424224,0.3815437398101593,-3.1207616384274948,-0.9797867520869901,1.3369754815847854,66
0.226350736618042,0.028602155997234664,0.05232672691345215,0.008979556268118801,,2,2,200,"{'max_depth': None, 'min_samples_leaf': 2, 'min_samples_split': 2, 'n_estimators': 200}",-2.0057895473718093,-0.4002778152407571,0.14190311528906874,0.4014388838965395,-3.131346900570242,-0.99881445279944,1.3551299248011905,70
0.0712625503540039,0.010533752650411902,0.04253082275390625,0.01078386405733906,,2,5,50,"{'max_depth': None, 'min_samples_leaf': 2, 'min_samples_split': 5, 'n_estimators': 50}",-2.513014056967252,-0.36941730625339875,0.11041460862507557,0.33845765748712386,-2.4086883050631425,-0.9684494804343187,1.24022265247531,60
0.11771225929260254,0.013192019046783686,0.027672433853149415,0.006039665010946893,,2,5,100,"{'max_depth': None, 'min_samples_leaf': 2, 'min_samples_split': 5, 'n_estimators': 100}",-1.973311931265386,-0.4595721608865324,0.12278196366711835,0.3643995753337068,-3.0820429819028616,-1.0055491070107911,1.3188155988982895,73
0.23965859413146973,0.034985316953548146,0.05186161994934082,0.016834225351480155,,2,5,200,"{'max_depth': None, 'min_samples_leaf': 2, 'min_samples_split': 5, 'n_estimators': 200}",-1.8650244146770234,-0.4601486372425967,0.1335810091316968,0.3715190281113818,-3.1886320517138422,-1.0017410132780769,1.3413330818813758,72
0.07667064666748047,0.011817129250348477,0.037991809844970706,0.010703591270103648,,2,10,50,"{'max_depth': None, 'min_samples_leaf': 2, 'min_samples_split': 10, 'n_estimators': 50}",-2.5627651201853707,-1.0494533494374152,0.017348253392389545,0.21764291347882048,-1.129363741564156,-0.9013182088631464,0.9930132613601795,56
0.12650036811828613,0.019313740596533763,0.03593668937683105,0.011573825743718255,,2,10,100,"{'max_depth': None, 'min_samples_leaf': 2, 'min_samples_split': 10, 'n_estimators': 100}",-1.8432502494544587,-0.9367372666014961,0.03199142411039413,0.23705055479438808,-1.4545026110352604,-0.7930896296372866,0.8127590845774968,44
0.2777442932128906,0.05668816011012175,0.06058816909790039,0.019361732218247767,,2,10,200,"{'max_depth': None, 'min_samples_leaf': 2, 'min_samples_split': 10, 'n_estimators': 200}",-1.6296297281260506,-0.785293305758878,0.03378556792160703,0.25454514917145676,-1.5695753930356329,-0.7392335419654995,0.7835239742365346,40
0.09498181343078613,0.008067502913059082,0.04577755928039551,0.0052008734468888115,,4,2,50,"{'max_depth': None, 'min_samples_leaf': 4, 'min_samples_split': 2, 'n_estimators': 50}",-1.782167326488624,-0.8776353107459205,0.03516463312040696,0.2947183782280134,-1.339041330393648,-0.7337921912559544,0.7918631670839169,33
0.14710283279418945,0.034734151624850655,0.02928051948547363,0.008543492899932528,,4,2,100,"{'max_depth': None, 'min_samples_leaf': 4, 'min_samples_split': 2, 'n_estimators': 100}",-1.3856078802554572,-0.8447444056852724,0.04082305910292938,0.2632573891712655,-1.661767775881854,-0.7176079227096779,0.7604130155581514,18
0.25023493766784666,0.03605831986762061,0.06361141204833984,0.00800180712883348,,4,2,200,"{'max_depth': None, 'min_samples_leaf': 4, 'min_samples_split': 2, 'n_estimators': 200}",-1.3882041752297578,-0.794000835768037,0.043119282092921374,0.2865262269028649,-1.7643103482762474,-0.7233739700556512,0.7922053032871413,23
0.0740203857421875,0.007644784242697202,0.040816450119018556,0.011718727371361922,,4,5,50,"{'max_depth': None, 'min_samples_leaf': 4, 'min_samples_split': 5, 'n_estimators': 50}",-1.782167326488624,-0.8776353107459205,0.03516463312040696,0.2947183782280134,-1.339041330393648,-0.7337921912559544,0.7918631670839169,33
0.16272859573364257,0.03622974252637191,0.029644346237182616,0.007269762780227791,,4,5,100,"{'max_depth': None, 'min_samples_leaf': 4, 'min_samples_split': 5, 'n_estimators': 100}",-1.3856078802554572,-0.8447444056852724,0.04082305910292938,0.2632573891712655,-1.661767775881854,-0.7176079227096779,0.7604130155581514,18
0.24261302947998048,0.027395508321967205,0.05255923271179199,0.005174620417330867,,4,5,200,"{'max_depth': None, 'min_samples_leaf': 4, 'min_samples_split': 5, 'n_estimators': 200}",-1.3882041752297574,-0.794000835768037,0.043119282092921374,0.2865262269028649,-1.7643103482762474,-0.7233739700556512,0.7922053032871412,23
0.08046131134033203,0.00519729600279306,0.030771160125732423,0.011037956339491655,,4,10,50,"{'max_depth': None, 'min_samples_leaf': 4, 'min_samples_split': 10, 'n_estimators': 50}",-1.7225792351614864,-0.954769446662803,0.01747699220179777,0.25767467937185073,-1.1286271818373583,-0.7061648384175998,0.7383794449781897,11
0.12419371604919434,0.00865186845709323,0.032261896133422854,0.005542441589449299,,4,10,100,"{'max_depth': None, 'min_samples_leaf': 4, 'min_samples_split': 10, 'n_estimators': 100}",-1.2938989382782204,-0.8633015225191705,0.026188474729513023,0.25558210023248473,-1.4140363075731548,-0.6578932386817096,0.6813006882498955,7
0.20060534477233888,0.012854396200219364,0.03370885848999024,0.0017035187592832216,,4,10,200,"{'max_depth': None, 'min_samples_leaf': 4, 'min_samples_split': 10, 'n_estimators': 200}",-1.273312360772072,-0.7771417781445311,0.03148636668301841,0.27054949187906796,-1.501248328939076,-0.6499333218587184,0.6987334343090125,2
