departamento,cargo,tipo_contrato,jornada,total_dias_ausencia,promedio_dias_ausencia,max_dias_ausencia,ausencias_justificadas,num_capacitaciones,total_horas_capacitacion,promedio_nota_capacitacion,max_nota_capacitacion,competencias_tecnicas,competencias_blandas,Cluster,Desempeño,PC1,PC2
1.208517722454485,0.9983487332035524,-0.18598365595138475,-0.596925902614511,-0.2058922881812842,0.3068627444327817,0.08850925681680638,0.0,-0.15583523757508816,0.1292077935361546,1.4873882026855423,1.1788798261130762,0.10387042991524496,-0.3399735101615548,3,5.3,1.2920308094410353,0.2334709501601325
-0.2557619847100591,-0.8768766439924739,-0.18598365595138475,-0.596925902614511,-0.12439325744285921,-0.26779602953579523,-0.20041303085391385,0.0,-0.15583523757508816,0.1292077935361546,1.3991408197548523,1.1006152603154873,0.6869612523940047,-0.20547251121349688,3,5.1,1.2964842152499427,-0.09744463382423615
0.5809692765268232,1.467155077502559,1.2495776884233674,-0.596925902614511,-0.45038938039655907,-0.3827277843295106,-0.4893353185246341,0.0,-0.15583523757508816,-0.39554194493579165,0.5607906819132967,0.35710188523839176,0.7318143925846784,0.4670324835267921,3,1.1,0.6889149300723202,-0.7246559560363185
-0.46494480001927974,1.467155077502559,-0.18598365595138475,-0.596925902614511,-0.6948864726118339,-1.072318313091803,-1.0671798938660746,0.0,-0.7136802184598239,-0.586360031652863,-1.248280668165849,-1.2473217136121821,-1.5108426169490126,-1.4159815017460171,0,0.0,-1.598368864752019,-2.335493328546627
1.8360661683821466,-1.3456829882914805,1.2495776884233674,-0.596925902614511,0.24235238088005312,1.571112047163651,1.147890978276114,0.0,0.9598547241943832,0.08150327185688676,-0.7040884734265938,-0.7386020359278538,0.6421081122033306,-0.20547251121349688,1,4.7,-0.8445468252237526,1.5172534350253648
-0.6741276153285003,-0.8768766439924739,-0.18598365595138475,-0.596925902614511,1.1388417190027278,1.5136461697667933,1.2441984074996872,0.0,-0.7136802184598239,-0.586360031652863,-1.248280668165849,-1.2473217136121821,0.3729892710592879,-0.47447450910961253,1,5.5,-2.452234335436146,1.7185940272775495
-0.2557619847100591,0.06073604460553927,1.2495776884233674,-0.596925902614511,0.16085335014162816,1.3412485375762202,0.9552761198289671,0.0,0.40200974330964756,0.606253010328833,-0.34374499312627615,-0.15161779244593657,0.7318143925846784,1.453373142479216,2,1.4,0.1253095490143947,1.6183318463959098
0.3717864612176026,-0.8768766439924739,-1.621545000326137,-0.596925902614511,-0.6948864726118339,-1.072318313091803,-1.0671798938660746,0.0,-0.7136802184598239,-0.586360031652863,-1.248280668165849,-1.2473217136121821,0.14872357010591883,1.4982068087952352,0,4.4,-1.4404420728432192,-1.887421396034528
-0.8833104306377209,-1.3456829882914805,-0.18598365595138475,-0.596925902614511,-0.6948864726118339,-1.072318313091803,-1.0671798938660746,0.0,0.9598547241943832,0.5108439669702973,1.4138487169099676,1.2962766748094596,-0.5240735327541884,1.4982068087952352,3,1.9,2.4069418293012017,-1.0865526018223186
-0.2557619847100591,-0.8768766439924739,-0.18598365595138475,-0.596925902614511,-0.4911388957657715,-0.497659539123226,-0.5856427477482075,0.0,-0.15583523757508816,-0.10931481486018461,0.5166669904479518,0.31796960233959737,0.3729892710592879,-0.11580517858145847,3,6.6,0.4649892964827492,-0.8546980017120752
-0.046579169400838547,-0.8768766439924739,1.2495776884233674,2.4430884880202153,-0.042894226704434255,0.7665897636076433,0.4737389737111,0.0,0.40200974330964756,-0.2047238582187203,0.4946051447152794,0.5136310168335698,-0.7034860935168838,1.1843711445831002,2,5.9,0.3603384627176289,0.9562856070011204
-0.46494480001927974,0.5295423889045459,1.2495776884233674,-0.596925902614511,1.4648378419564276,1.9733731889416548,1.7257355536175543,0.0,-0.7136802184598239,-0.586360031652863,-1.248280668165849,-1.2473217136121821,0.23842985048726634,1.5878741414272737,1,5.3,-2.2668569940877346,2.559150307955868
0.7901520918360438,-1.3456829882914805,-0.18598365595138475,-0.596925902614511,-0.2058922881812842,0.3068627444327817,0.08850925681680638,0.0,0.40200974330964756,0.4631394452910295,1.5094500484182147,1.2962766748094596,-0.2549546916101457,-0.20547251121349688,3,5.0,1.5101171755103966,0.34253678366525453
-0.2557619847100591,0.5295423889045459,-1.621545000326137,-0.596925902614511,0.12010383477241568,1.2263167827825048,0.8589686906053937,0.0,1.517699705079119,0.9878891837629757,-0.25549761019558603,0.35710188523839176,0.014164149533897238,0.7360344814229075,2,-11.0,0.9536023703138872,1.6645443520478194
-0.2557619847100591,-0.8768766439924739,1.2495776884233674,0.923081292702852,-0.042894226704434255,0.7665897636076433,0.4737389737111,0.0,-0.7136802184598239,-0.586360031652863,-1.248280668165849,-1.2473217136121821,0.014164149533897238,-0.3399735101615548,1,6.3,-2.1145377858866463,0.26886862511498266
-0.046579169400838547,1.467155077502559,1.2495776884233674,-0.596925902614511,0.28310189624926557,-0.15286427474207984,0.1848166860403798,0.0,0.40200974330964756,-0.300132901577256,1.0682131337647645,1.413673523505843,-0.8828986542795791,-0.6986428406897088,3,3.9,1.2802545477086975,0.1452304885270338
-0.2557619847100591,1.467155077502559,1.2495776884233674,-0.596925902614511,1.3018397804795776,0.8049003485388816,1.2441984074996872,0.0,-0.7136802184598239,-0.586360031652863,-1.248280668165849,-1.2473217136121821,-0.7483392337075576,-0.3848071764775741,1,4.2,-2.2468183520367297,1.2097899063582191
-1.7200416918746033,1.467155077502559,-1.621545000326137,-0.596925902614511,0.7720960806798154,0.996453273195074,0.8589686906053937,0.0,-0.7136802184598239,-0.586360031652863,-1.248280668165849,-1.2473217136121821,0.10387042991524496,0.10836315299863786,1,1.8,-1.9795239405492184,1.1546893694995453
-1.0924932459469414,-1.3456829882914805,1.2495776884233674,-0.596925902614511,-0.40963986502734656,-0.26779602953579523,-0.39302788930106064,0.0,-0.15583523757508816,-0.4909509882943274,-0.8070437535123988,-0.8559988846242373,0.8663738131566998,0.24286415194669578,0,5.6,-0.8881225964442511,-0.7711319454063644
1.208517722454485,-0.8768766439924739,-0.18598365595138475,-0.596925902614511,0.16085335014162816,1.3412485375762202,0.9552761198289671,0.0,-0.15583523757508816,-0.300132901577256,1.7521303514776123,1.413673523505843,1.2251989346820902,0.15319681931465715,2,1.2,1.0358356935693553,1.6831601111777943
-2.556772953111486,-0.4080702996934673,-0.18598365595138475,-0.596925902614511,-0.6948864726118339,-1.072318313091803,-1.0671798938660746,0.0,12.674599322773833,13.200246733655542,0.48357422184894316,1.3745412406070487,0.5075486916313093,-0.5641418417416512,4,5.6,12.807164650931805,1.840966342501126
-0.046579169400838547,-1.3456829882914805,-0.18598365595138475,-0.596925902614511,-0.2058922881812842,0.3068627444327817,0.08850925681680638,0.0,-0.7136802184598239,-0.586360031652863,-1.248280668165849,-1.2473217136121821,-0.9726049346609269,0.42219881721077257,1,5.6,-2.0957395370029652,-0.41609131289302503
-0.046579169400838547,-1.3456829882914805,-0.18598365595138475,-0.596925902614511,-0.24664180355049667,0.19193098963906632,-0.007798172406767023,0.0,0.40200974330964756,-0.39554194493579165,0.6490380648439869,1.2180121090118705,-0.12039527103812414,-0.20547251121349688,3,2.3,0.7957833046209926,0.07102866301779376
-0.046579169400838547,0.9983487332035524,-0.18598365595138475,-0.596925902614511,-0.6948864726118339,-1.072318313091803,-1.0671798938660746,0.0,0.40200974330964756,-0.2047238582187203,0.8696565221707119,1.4919380893034322,-0.2998078318008194,0.7808681477389271,3,1.1,1.8401273663084363,-1.348772926289136
0.7901520918360438,-1.3456829882914805,1.2495776884233674,-0.596925902614511,0.6905970499413904,0.8815215184013586,1.7257355536175543,0.0,-0.7136802184598239,-0.586360031652863,-1.248280668165849,-1.2473217136121821,-0.12039527103812414,1.0050364793190234,1,5.2,-2.388589532149925,1.3734528949607934
-1.7200416918746033,-1.3456829882914805,-1.621545000326137,-0.596925902614511,0.8535951114182403,1.1113850279887894,1.147890978276114,0.0,0.40200974330964756,0.41543492361176165,0.7152236020420045,1.061482977416693,0.8663738131566998,0.42219881721077257,2,3.7,0.8828982348841162,2.217369441150143
-0.046579169400838547,-0.8768766439924739,1.2495776884233674,-0.596925902614511,0.07935431940320319,1.1113850279887894,0.7626612613818202,0.0,-0.15583523757508816,-0.300132901577256,0.25192484165588164,0.08317590494683041,0.6421081122033306,1.453373142479216,2,6.8,-0.1475530271533649,1.2037593936576407
-0.046579169400838547,-0.8768766439924739,1.2495776884233674,-0.596925902614511,-0.042894226704434255,0.7665897636076433,0.4737389737111,0.0,-0.15583523757508816,-0.300132901577256,-0.7629200620470538,-0.8168666017254428,1.359758355254112,1.6327078077432928,1,4.2,-0.9020182211403747,0.6818454678780298
1.208517722454485,1.467155077502559,-0.18598365595138475,-0.596925902614511,0.07935431940320319,1.1113850279887894,0.7626612613818202,0.0,-0.15583523757508816,-0.39554194493579165,1.0461512880320922,0.7875569971251314,-0.3895141121821671,1.7223751403753316,2,2.8,0.5981690819720078,1.235122264081861
1.208517722454485,0.06073604460553927,2.6851390327981197,-0.596925902614511,-0.08364374207364673,0.6516580088139279,0.37743154448752664,0.0,-0.15583523757508816,-0.300132901577256,0.031306384329156556,-0.11248550954714204,-0.6586329533262101,-0.9228111722698052,1,6.2,-0.5514961242448149,0.10598280121111342
2.4636146143098085,-0.4080702996934673,-0.18598365595138475,2.4430884880202153,-0.613387441873409,-0.8424548035043722,-0.8745650354189277,0.0,-0.15583523757508816,0.3677304019324938,-0.6305489876510187,-0.6994697530290593,-0.2549546916101457,0.3773651508947535,0,-10.0,-0.5163139845438393,-1.404015018069175
-0.046579169400838547,-1.3456829882914805,-0.18598365595138475,-0.596925902614511,-0.3688903496581341,-0.6125912939169414,-0.5856427477482075,0.0,-0.15583523757508816,-0.39554194493579165,0.2960485331212267,0.12230818784562494,-1.5108426169490126,-1.4159815017460171,0,0.0,-0.28921985149741863,-1.2864338406120488
-0.46494480001927974,0.5295423889045459,-0.18598365595138475,2.4430884880202153,0.36460092698769053,0.4217944992264971,0.1848166860403798,0.0,-0.7136802184598239,-0.586360031652863,-1.248280668165849,-1.2473217136121821,-0.7483392337075576,-0.3848071764775741,1,3.4,-2.0822315609699324,0.1732505135241598
2.2544317990005878,-0.4080702996934673,-0.18598365595138475,2.4430884880202153,0.486849473095328,0.0386886499141124,0.37743154448752664,0.0,-0.15583523757508816,-0.300132901577256,1.002027596566747,0.7484247142263366,-0.2998078318008194,0.6015334824748498,2,3.2,0.3341241865061821,0.6262784263673523
0.5809692765268232,-1.3456829882914805,-0.18598365595138475,0.923081292702852,-0.4911388957657715,-0.7849889261075145,-0.681950176971781,0.0,0.40200974330964756,1.0832982271215115,1.7300685057449399,1.4919380893034322,0.2832829906779402,0.8705354803709653,3,4.6,2.444023600160014,-0.4892792765765402
0.5809692765268232,1.467155077502559,1.2495776884233674,-0.596925902614511,-0.24664180355049667,0.19193098963906632,-0.007798172406767023,0.0,0.40200974330964756,-0.01390577150164893,-0.079002844334206,0.35710188523839176,-0.6586329533262101,1.6327078077432928,3,5.6,0.5616917215797265,0.007781010455617694
0.5809692765268232,-1.3456829882914805,-1.621545000326137,-0.596925902614511,0.28310189624926557,1.6860438019573665,1.2441984074996872,0.0,-0.7136802184598239,-0.586360031652863,-1.248280668165849,-1.2473217136121821,0.597254972012657,1.2292048108991198,1,32.0,-2.327450497620203,1.5660362483981527
-0.2557619847100591,1.467155077502559,-1.621545000326137,0.923081292702852,0.9758436575258778,1.2837826601793625,1.147890978276114,0.0,-0.15583523757508816,0.1292077935361546,1.6197592770815774,1.2962766748094596,0.3729892710592879,0.8257018140549461,2,5.4,1.1905266510588006,2.3983521583554044
-0.046579169400838547,1.467155077502559,-1.621545000326137,0.923081292702852,-0.08364374207364673,-0.21033015213893755,0.2811241152639532,0.0,0.9598547241943832,-0.10931481486018461,0.04601428148427171,0.4744987339347755,0.776667532775352,0.9602028130030039,3,5.0,0.9343814390269081,0.4271958083994619
0.7901520918360438,0.06073604460553927,1.2495776884233674,0.923081292702852,0.40535044235690304,2.0308390663385127,1.5331206951704075,0.0,-0.7136802184598239,-0.586360031652863,-1.248280668165849,-1.2473217136121821,-0.21010155141947184,0.3773651508947535,1,5.1,-2.427475374983348,1.835502900783011
0.5809692765268232,-0.8768766439924739,-0.18598365595138475,-0.596925902614511,-0.6948864726118339,-1.072318313091803,-1.0671798938660746,0.0,-0.7136802184598239,-0.586360031652863,-1.248280668165849,-1.2473217136121821,-0.8828986542795791,0.4670324835267921,0,1.5,-1.6429605959801814,-2.1571510441852735
1.208517722454485,1.467155077502559,-0.18598365595138475,-0.596925902614511,-0.6948864726118339,-1.072318313091803,-1.0671798938660746,0.0,0.9598547241943832,-0.10931481486018461,0.4284196075172615,0.35710188523839176,0.10387042991524496,1.0050364793190234,3,1.8,1.369023692333345,-1.4364061195296376
-1.9292245071838239,1.467155077502559,1.2495776884233674,0.923081292702852,-0.6948864726118339,-1.072318313091803,-1.0671798938660746,0.0,1.517699705079119,0.4631394452910295,0.9248111365023932,1.413673523505843,-0.165248411228798,0.5118661498428112,3,4.2,2.7888707259602725,-0.9764688300004866
1.208517722454485,-1.3456829882914805,-0.18598365595138475,0.923081292702852,-0.6948864726118339,-1.072318313091803,-1.0671798938660746,0.0,0.9598547241943832,1.1310027488007792,1.104982876652552,1.4528058064046376,0.8663738131566998,-0.25030617752951617,3,4.2,2.441864306232728,-1.0462939986753712
-0.2557619847100591,-1.3456829882914805,-1.621545000326137,0.923081292702852,-0.6948864726118339,-1.072318313091803,-1.0671798938660746,0.0,-0.15583523757508816,0.1292077935361546,-0.2775594559282585,-0.3864114898387034,-1.5108426169490126,-1.4159815017460171,0,0.0,-0.4894288175814053,-1.8748650730488734
0.7901520918360438,0.5295423889045459,-1.621545000326137,-0.596925902614511,0.7313465653106029,0.9389873957982163,1.4368132659468342,0.0,-0.15583523757508816,-0.300132901577256,-0.7629200620470538,-0.8168666017254428,1.359758355254112,0.06352948668261854,1,5.9,-1.3157676164996222,1.622426750441275
0.5809692765268232,1.467155077502559,-0.18598365595138475,0.923081292702852,1.0165931728950903,0.13446511224220864,0.9552761198289671,0.0,-0.7136802184598239,-0.586360031652863,-1.248280668165849,-1.2473217136121821,1.1803457944914166,-0.02613784594941987,1,1.7,-1.9160877906859437,0.8614843198350772
2.0452489836913674,0.9983487332035524,-0.18598365595138475,-0.596925902614511,-0.3281408342889216,-0.037932519948364454,-0.20041303085391385,0.0,1.517699705079119,2.085093182386136,0.615945296244978,1.4919380893034322,-1.5108426169490126,-1.4159815017460171,3,0.0,2.369183369827485,-0.12480075709394048
-1.301676061256162,0.06073604460553927,-0.18598365595138475,-0.596925902614511,-0.6948864726118339,-1.072318313091803,-1.0671798938660746,0.0,-0.15583523757508816,-0.39554194493579165,0.8696565221707119,0.6310278655299533,0.4178424112499616,1.0498701456350426,3,5.0,1.1442288355674044,-1.3618784131482544
-0.2557619847100591,-0.4080702996934673,-0.18598365595138475,-0.596925902614511,0.07935431940320319,0.019533357448493237,0.4737389737111,0.0,0.9598547241943832,-0.01390577150164893,1.3256013339792772,1.2962766748094596,-1.5108426169490126,-1.4159815017460171,3,0.0,1.3085037565208082,0.34056605851431065
0.3717864612176026,0.06073604460553927,-0.18598365595138475,0.923081292702852,-0.4911388957657715,-0.497659539123226,-0.5856427477482075,0.0,0.9598547241943832,0.8924801404044401,0.3401722245865716,0.9440861287203091,0.8663738131566998,1.4085394761631966,3,5.6,1.8893741398223318,-0.2690702125991371
0.7901520918360438,-1.3456829882914805,-1.621545000326137,0.923081292702852,9.2072457621068,0.6732077128377495,1.7257355536175543,0.0,0.40200974330964756,0.5585484886495652,0.7372854477746769,0.6701601484287479,0.6869612523940047,0.4670324835267921,2,4.3,-0.6151619738756613,6.2447113677432755
0.5809692765268232,-1.3456829882914805,-0.18598365595138475,-0.596925902614511,-0.6948864726118339,-1.072318313091803,-1.0671798938660746,0.0,-0.7136802184598239,-0.586360031652863,-1.248280668165849,-1.2473217136121821,-1.5108426169490126,-1.4159815017460171,0,0.0,-1.9574001377635595,-2.408566440760941
0.9993349071452644,0.06073604460553927,-0.18598365595138475,2.4430884880202153,0.20160286551084064,0.19193098963906632,0.08850925681680638,0.0,0.9598547241943832,1.1310027488007792,0.6490380648439869,1.1006152603154873,-1.5108426169490126,-1.4159815017460171,3,0.0,1.2957447855907869,0.47451620312082704
0.3717864612176026,1.467155077502559,1.2495776884233674,-0.596925902614511,-0.6948864726118339,-1.072318313091803,-1.0671798938660746,0.0,-0.15583523757508816,0.1292077935361546,-0.18931207299756855,-0.3081469240411145,1.359758355254112,-0.02613784594941987,3,4.2,0.44699416992614377,-1.6250636958559468
-0.46494480001927974,-0.8768766439924739,-0.18598365595138475,-0.596925902614511,-0.6948864726118339,-1.072318313091803,-1.0671798938660746,0.0,0.40200974330964756,0.320025880253226,1.4432645112201972,1.1788798261130762,0.10387042991524496,-0.7434765070057282,3,1.8,1.8996340340625817,-1.353349746443154
-0.46494480001927974,0.5295423889045459,-0.18598365595138475,0.923081292702852,0.03860480403399071,0.996453273195074,0.6663538321582468,0.0,-0.15583523757508816,-0.10931481486018461,-0.4540542217896386,-0.5429406214338813,0.3729892710592879,0.9602028130030039,1,3.7,-0.6786065939690075,1.0568571867634982
0.5809692765268232,-0.8768766439924739,-0.18598365595138475,-0.596925902614511,-0.2058922881812842,0.3068627444327817,0.08850925681680638,0.0,0.40200974330964756,-0.2047238582187203,0.31811037885389915,0.35710188523839176,0.6869612523940047,1.0947038119510615,3,4.3,0.46546401962230977,0.29441509190590526
-1.0924932459469414,1.467155077502559,-0.18598365595138475,0.923081292702852,-0.28739131891970915,0.07699923484535093,-0.10410560163034044,0.0,-0.15583523757508816,-0.300132901577256,-0.012817307136188503,-0.15161779244593657,1.359758355254112,-0.877977505953786,3,4.6,0.021277425077521887,-0.05828658260871434
-0.046579169400838547,-0.8768766439924739,-0.18598365595138475,2.4430884880202153,1.261090265110365,0.7665897636076433,1.6294281243939808,0.0,0.9598547241943832,0.8924801404044401,0.38429591605191665,0.7875569971251314,0.10387042991524496,-0.11580517858145847,2,6.0,0.7444856049590725,2.4993346255464397
-0.46494480001927974,1.467155077502559,-0.18598365595138475,0.923081292702852,0.12010383477241568,1.2263167827825048,0.8589686906053937,0.0,0.9598547241943832,0.7016620536873687,0.3695880188968017,1.3745412406070487,-0.3895141121821671,0.7360344814229075,2,1.6,1.4945549550219015,1.7603516520543618
-0.046579169400838547,-0.8768766439924739,-0.18598365595138475,-0.596925902614511,-0.531888411134984,-0.6125912939169414,-0.681950176971781,0.0,-0.15583523757508816,0.3677304019324938,-0.7629200620470538,-0.8168666017254428,0.3281361308686139,1.318872143531158,0,5.4,-0.3950939212549829,-1.0565155019796117
0.3717864612176026,0.9983487332035524,-0.18598365595138475,-0.596925902614511,0.36460092698769053,1.915907311544797,1.4368132659468342,0.0,-0.7136802184598239,-0.586360031652863,-1.248280668165849,-1.2473217136121821,0.3729892710592879,-0.5641418417416512,1,4.2,-2.306576552952507,1.6352366631070108
-0.2557619847100591,0.06073604460553927,1.2495776884233674,-0.596925902614511,-0.6948864726118339,-1.072318313091803,-1.0671798938660746,0.0,-0.7136802184598239,-0.586360031652863,-1.248280668165849,-1.2473217136121821,-1.5108426169490126,-1.4159815017460171,0,0.0,-1.718462271762008,-2.399192882897081
-0.2557619847100591,-0.8768766439924739,-0.18598365595138475,-0.596925902614511,-0.40963986502734656,-0.26779602953579523,-0.39302788930106064,0.0,-0.15583523757508816,0.3677304019324938,-0.6746726791163637,-0.7386020359278538,1.5840240562074812,0.19803048563067646,0,1.9,-0.36235984972525664,-0.5653032938638642
-0.2557619847100591,0.5295423889045459,-0.18598365595138475,-0.596925902614511,-0.6948864726118339,-1.072318313091803,-1.0671798938660746,0.0,-0.15583523757508816,-0.4909509882943274,-0.23343576446291361,-0.347279206939909,-0.9277517944702528,0.19803048563067646,0,1.3,-0.21255075560265757,-1.8661250538862952
0.3717864612176026,-1.3456829882914805,-0.18598365595138475,-0.596925902614511,-0.3281408342889216,-0.037932519948364454,-0.20041303085391385,0.0,1.517699705079119,0.08150327185688676,0.5607906819132967,0.35710188523839176,-0.5689266729448623,1.0498701456350426,3,1.7,1.128232768062717,-0.078714300418713
-0.2557619847100591,0.9983487332035524,-0.18598365595138475,-0.596925902614511,0.24235238088005312,0.249396867035924,0.8589686906053937,0.0,-0.15583523757508816,-0.39554194493579165,1.2667697453588171,0.9832184116191038,0.4626955514406356,-0.3399735101615548,2,5.7,0.8285859878410737,0.8873036371329815
-0.46494480001927974,1.467155077502559,-0.18598365595138475,0.923081292702852,-0.6948864726118339,-1.072318313091803,-1.0671798938660746,0.0,1.517699705079119,0.9401846620837079,0.34017222458657176,0.7092924313275423,0.3729892710592879,-0.6538091743736897,3,5.7,2.1524880827546116,-1.1360582746230024
-0.046579169400838547,-1.3456829882914805,-0.18598365595138475,-0.596925902614511,0.9350941421566653,0.46010508415773566,1.4368132659468342,0.0,-0.15583523757508816,-0.4909509882943274,-0.4540542217896386,-0.5429406214338813,0.3281361308686139,1.0947038119510615,1,4.8,-1.1925265921568449,1.4521211994525667
0.3717864612176026,0.5295423889045459,-0.18598365595138475,-0.596925902614511,-0.6948864726118339,-1.072318313091803,-1.0671798938660746,0.0,-0.15583523757508816,-0.300132901577256,-0.4540542217896386,-0.5429406214338813,0.19357671029659249,1.5878741414272737,0,5.7,-0.1050443118482507,-1.6622801879806735
0.7901520918360438,-1.3456829882914805,-0.18598365595138475,-0.596925902614511,-0.6948864726118339,-1.072318313091803,-1.0671798938660746,0.0,-0.7136802184598239,-0.586360031652863,-1.248280668165849,-1.2473217136121821,0.8215206729660262,-0.6986428406897088,0,4.2,-1.611825372461874,-2.0933445538073547
1.208517722454485,-0.4080702996934673,-1.621545000326137,-0.596925902614511,-0.6948864726118339,-1.072318313091803,-1.0671798938660746,0.0,-0.7136802184598239,-0.586360031652863,-1.248280668165849,-1.2473217136121821,-1.5108426169490126,-1.4159815017460171,0,0.0,-1.9378050432941019,-2.3948079487736256
0.5809692765268232,0.9983487332035524,1.2495776884233674,-0.596925902614511,-0.6948864726118339,-1.072318313091803,-1.0671798938660746,0.0,0.40200974330964756,0.17691231521542244,0.8255328307053666,0.9440861287203091,0.8215206729660262,0.7808681477389271,3,6.1,1.8289793929413483,-1.322003750134473
0.7901520918360438,-0.4080702996934673,-0.18598365595138475,-0.596925902614511,-0.6948864726118339,-1.072318313091803,-1.0671798938660746,0.0,-0.7136802184598239,-0.586360031652863,-1.248280668165849,-1.2473217136121821,0.3729892710592879,0.6912008151068885,0,2.0,-1.4298608578082317,-2.006130621507455
2.0452489836913674,0.06073604460553927,-0.18598365595138475,-0.596925902614511,0.12010383477241568,1.2263167827825048,0.8589686906053937,0.0,-0.15583523757508816,-0.4909509882943274,1.0461512880320922,0.7875569971251314,-0.6586329533262101,0.5566998161588307,2,5.5,0.17450810089825888,1.171381063252945
0.5809692765268232,-0.8768766439924739,-0.18598365595138475,0.923081292702852,-0.6541369572426214,-0.9573865582980876,-0.9708724646425011,0.0,-0.7136802184598239,-0.586360031652863,-1.248280668165849,-1.2473217136121821,0.3729892710592879,-0.47447450910961253,0,3.2,-1.6420630165914925,-1.8589839006992332
-1.0924932459469414,0.06073604460553927,-0.18598365595138475,0.923081292702852,0.12010383477241568,1.2263167827825048,0.8589686906053937,0.0,-0.15583523757508816,-0.10931481486018461,1.3550171282895074,1.061482977416693,-0.43436725237284096,0.15319681931465715,2,4.2,0.7840644950500247,1.5463168849015565
1.208517722454485,0.9983487332035524,-0.18598365595138475,-0.596925902614511,-0.3281408342889216,-0.037932519948364454,-0.20041303085391385,0.0,-0.15583523757508816,0.3677304019324938,-0.4540542217896386,-0.5429406214338813,-1.5108426169490126,-1.4159815017460171,0,0.0,-0.6582489059202725,-0.809163990915247
-0.46494480001927974,0.9983487332035524,1.2495776884233674,-0.596925902614511,-0.6948864726118339,-1.072318313091803,-1.0671798938660746,0.0,-0.7136802184598239,-0.586360031652863,-1.248280668165849,-1.2473217136121821,0.10387042991524496,0.8705354803709653,0,140.0,-1.180416731196164,-1.9856686377380126
1.208517722454485,-1.3456829882914805,2.6851390327981197,-0.596925902614511,0.07935431940320319,1.1113850279887894,0.7626612613818202,0.0,-0.7136802184598239,-0.586360031652863,-1.248280668165849,-1.2473217136121821,1.5840240562074812,-0.11580517858145847,1,4.0,-2.0807451037658042,0.658970905732505
-1.0924932459469414,-1.3456829882914805,-1.621545000326137,-0.596925902614511,0.8943446267874529,1.168850905385647,1.4368132659468342,0.0,-0.15583523757508816,0.3677304019324938,-0.7629200620470538,-0.8168666017254428,0.597254972012657,0.7808681477389271,1,3.6,-1.1937511354087933,1.9998771998921379
-1.7200416918746033,-1.3456829882914805,-0.18598365595138475,0.923081292702852,0.486849473095328,0.5941921314170702,1.3405058367232607,0.0,-0.15583523757508816,-0.39554194493579165,-0.056940998601533364,-0.1907500753447309,0.14872357010591883,0.10836315299863786,1,5.7,-0.7586871297945326,1.4299548663354154
0.9993349071452644,-0.4080702996934673,-0.18598365595138475,-0.596925902614511,-0.6948864726118339,-1.072318313091803,-1.0671798938660746,0.0,-0.7136802184598239,-0.586360031652863,-1.248280668165849,-1.2473217136121821,-1.5108426169490126,-1.4159815017460171,0,0.0,-1.884802777014943,-2.427933401279147
0.5809692765268232,-1.3456829882914805,-0.18598365595138475,-0.596925902614511,0.8535951114182403,0.3834839142952586,0.8589686906053937,0.0,-0.7136802184598239,-0.586360031652863,-1.248280668165849,-1.2473217136121821,0.8215206729660262,-0.07097151226543917,1,4.8,-2.2328660822839503,0.7089761615769874
0.7901520918360438,0.06073604460553927,-0.18598365595138475,-0.596925902614511,-0.6948864726118339,-1.072318313091803,-1.0671798938660746,0.0,-0.15583523757508816,-0.4909509882943274,-0.7629200620470538,-0.8168666017254428,0.2832829906779402,-0.20547251121349688,0,3.5,-0.7219670189544153,-1.9302856289188954
-1.0924932459469414,-0.4080702996934673,-0.18598365595138475,-0.596925902614511,2.2798281493406773,1.7243543868886047,1.4368132659468342,0.0,-0.7136802184598239,-0.586360031652863,-1.248280668165849,-1.2473217136121821,-1.5108426169490126,-1.4159815017460171,1,0.0,-2.916211221668171,2.2314750191276844
-0.2557619847100591,0.5295423889045459,-0.18598365595138475,-0.596925902614511,-0.6948864726118339,-1.072318313091803,-1.0671798938660746,0.0,-0.7136802184598239,-0.586360031652863,-1.248280668165849,-1.2473217136121821,-1.5108426169490126,-1.4159815017460171,0,0.0,-1.7094860048003693,-2.3519010936017657
0.5809692765268232,0.06073604460553927,-1.621545000326137,-0.596925902614511,-0.6541369572426214,-0.9573865582980876,-0.9708724646425011,0.0,-0.15583523757508816,-0.39554194493579165,0.3842959160519168,0.200572753643214,0.19357671029659249,0.8705354803709653,3,4.4,0.444855714854936,-1.4126542225512928
1.208517722454485,-0.4080702996934673,1.2495776884233674,-0.596925902614511,-0.6948864726118339,-1.072318313091803,-1.0671798938660746,0.0,-0.15583523757508816,-0.10931481486018461,1.002027596566747,0.7484247142263366,-1.5108426169490126,-1.4159815017460171,3,0.0,0.7433036006811692,-1.941320209669664
0.5809692765268232,-0.8768766439924739,1.2495776884233674,-0.596925902614511,-0.6948864726118339,-1.072318313091803,-1.0671798938660746,0.0,-0.15583523757508816,-0.4909509882943274,0.25192484165588164,0.08317590494683041,-1.5108426169490126,-1.4159815017460171,0,0.0,-0.14146919265459726,-2.0941488159411152
0.3717864612176026,-1.3456829882914805,-1.621545000326137,2.4430884880202153,-0.45038938039655907,-0.3827277843295106,-0.4893353185246341,0.0,0.40200974330964756,0.17691231521542244,0.7152236020420045,0.8266892800239257,0.597254972012657,-0.25030617752951617,3,3.6,1.0086413645592014,-0.3058822479147223
-1.0924932459469414,0.9983487332035524,-0.18598365595138475,-0.596925902614511,-0.2058922881812842,-0.3827277843295106,-0.10410560163034044,0.0,-0.15583523757508816,0.1292077935361546,1.3550171282895074,1.061482977416693,-0.7034860935168838,-0.8331438396377667,3,4.5,1.2810900208750196,-0.3125658023237967
-2.556772953111486,0.9983487332035524,-0.18598365595138475,2.4430884880202153,0.07935431940320319,0.019533357448493237,0.4737389737111,0.0,-0.15583523757508816,-0.300132901577256,1.0461512880320922,0.7875569971251314,1.0009332337287211,1.4982068087952352,2,6.0,1.1122800590507802,0.9947931242953582
-0.046579169400838547,-0.4080702996934673,-0.18598365595138475,-0.596925902614511,-0.6948864726118339,-1.072318313091803,-1.0671798938660746,0.0,-0.7136802184598239,-0.586360031652863,-1.248280668165849,-1.2473217136121821,-1.5108426169490126,-1.4159815017460171,0,0.0,-1.8206031448487197,-2.368308858656905
-2.138407322493044,-0.4080702996934673,-0.18598365595138475,-0.596925902614511,-0.6948864726118339,-1.072318313091803,-1.0671798938660746,0.0,-0.15583523757508816,-0.4909509882943274,1.3550171282895074,1.061482977416693,1.045786373919395,0.9153691466869848,3,4.3,1.6330261506815777,-1.1813867394919373
0.5809692765268232,-1.3456829882914805,-0.18598365595138475,-0.596925902614511,-0.6948864726118339,-1.072318313091803,-1.0671798938660746,0.0,-0.7136802184598239,-0.586360031652863,-1.248280668165849,-1.2473217136121821,0.4178424112499616,0.9602028130030039,0,3.2,-1.4829126043268392,-1.9680685035903411
-1.0924932459469414,-0.8768766439924739,-0.18598365595138475,-0.596925902614511,-0.3281408342889216,-0.037932519948364454,-0.20041303085391385,0.0,-0.7136802184598239,-0.586360031652863,-1.248280668165849,-1.2473217136121821,0.6421081122033306,0.6015334824748498,0,5.7,-1.659298879183757,-0.5884239019732331
-0.6741276153285003,0.5295423889045459,-0.18598365595138475,-0.596925902614511,-0.1651427728120717,0.4217944992264971,0.1848166860403798,0.0,0.40200974330964756,-0.01390577150164893,-0.21137391873024097,-0.11248550954714204,1.4494646356354592,1.4982068087952352,2,3.7,0.36335942713068325,0.5646751079376293
-0.2557619847100591,0.06073604460553927,-0.18598365595138475,2.4430884880202153,-0.6948864726118339,-1.072318313091803,-1.0671798938660746,0.0,-0.15583523757508816,-0.10931481486018461,-0.4540542217896386,-0.5429406214338813,1.5840240562074812,1.6775414740593124,3,3.8,0.09603506143813148,-1.2320898054715999
-0.046579169400838547,0.06073604460553927,1.2495776884233674,0.923081292702852,-0.6948864726118339,-1.072318313091803,-1.0671798938660746,0.0,0.9598547241943832,-0.10931481486018461,0.6637459619991017,1.1788798261130762,1.314905215063438,-0.6538091743736897,3,5.3,1.8451335690261181,-1.224306578771194
1.208517722454485,0.9983487332035524,1.2495776884233674,-0.596925902614511,-0.08364374207364673,0.6516580088139279,0.37743154448752664,0.0,0.40200974330964756,0.17691231521542244,1.4653263569528698,1.4919380893034322,0.3729892710592879,0.19803048563067646,2,2.9,1.7432816129831759,0.8055812019357752
-1.301676061256162,1.467155077502559,-1.621545000326137,-0.596925902614511,-0.5726379265041965,-0.7275230487106568,-0.7782576061953543,0.0,0.9598547241943832,0.4631394452910295,0.5019590932928368,1.1006152603154873,0.3729892710592879,-0.3848071764775741,3,2.5,1.9365218664090016,-0.7613972223127778
-0.8833104306377209,-0.8768766439924739,-1.621545000326137,0.923081292702852,0.8128455960490278,1.0539191505919316,0.7626612613818202,0.0,-0.7136802184598239,-0.586360031652863,-1.248280668165849,-1.2473217136121821,0.3281361308686139,1.453373142479216,1,1.1,-2.1375768379834983,1.3503481452280979
0.5809692765268232,-1.3456829882914805,-0.18598365595138475,-0.596925902614511,0.24235238088005312,1.571112047163651,1.147890978276114,0.0,-0.7136802184598239,-0.586360031652863,-1.248280668165849,-1.2473217136121821,0.3281361308686139,0.10836315299863786,1,4.2,-2.3967836278287984,1.240799814735353
0.7901520918360438,0.9983487332035524,1.2495776884233674,-0.596925902614511,-0.6948864726118339,-1.072318313091803,-1.0671798938660746,0.0,-0.15583523757508816,-0.4909509882943274,1.8403777344083023,1.4919380893034322,-1.5108426169490126,-1.4159815017460171,3,0.0,1.5562421416453496,-1.8025480905665414
-2.556772953111486,0.5295423889045459,-0.18598365595138475,-0.596925902614511,1.261090265110365,1.6860438019573665,1.7257355536175543,0.0,0.9598547241943832,1.5126389222349221,0.590206476223527,1.1397475432142816,-0.4792203925635148,0.24286415194669578,2,5.4,1.4627647325058784,3.1355182143640192
0.7901520918360438,0.9983487332035524,1.2495776884233674,-0.596925902614511,0.3238514116184781,1.8009755567510817,1.3405058367232607,0.0,0.40200974330964756,0.08150327185688676,0.7152236020420045,1.413673523505843,0.3729892710592879,0.3773651508947535,2,5.1,0.9855986140826025,2.194899165864645
-0.046579169400838547,0.9983487332035524,1.2495776884233674,-0.596925902614511,0.5275989884645405,0.6516580088139279,1.7257355536175543,0.0,-0.15583523757508816,-0.300132901577256,-0.2775594559282585,-0.3864114898387034,-1.5108426169490126,-1.4159815017460171,1,0.0,-1.1492423165612156,1.117382582221157
1.208517722454485,0.06073604460553927,-1.621545000326137,0.923081292702852,0.36460092698769053,0.4217944992264971,0.1848166860403798,0.0,-0.7136802184598239,-0.586360031652863,-1.248280668165849,-1.2473217136121821,0.7318143925846784,0.6463671487908689,1,4.6,-1.9653567184049017,0.2780695192226189
-0.046579169400838547,0.5295423889045459,1.2495776884233674,-0.596925902614511,-0.613387441873409,-0.9573865582980876,-0.9708724646425011,0.0,-0.7136802184598239,-0.586360031652863,-1.248280668165849,-1.2473217136121821,-1.5108426169490126,-1.4159815017460171,0,0.0,-1.7232806830453067,-2.2457905761271313
1.208517722454485,-0.4080702996934673,1.2495776884233674,0.923081292702852,-0.6948864726118339,-1.072318313091803,-1.0671798938660746,0.0,-0.15583523757508816,-0.10931481486018461,1.3550171282895074,1.061482977416693,1.4943177758261335,0.7808681477389271,3,380.0,1.644762804349678,-1.2279240563153837
-0.046579169400838547,-1.3456829882914805,-0.18598365595138475,-0.596925902614511,-0.08364374207364673,0.6516580088139279,0.37743154448752664,0.0,-0.7136802184598239,-0.586360031652863,-1.248280668165849,-1.2473217136121821,-0.07554213084745028,-0.6089755080576703,1,1.8,-2.195116087752687,0.015569774760917116
0.5809692765268232,1.467155077502559,-0.18598365595138475,-0.596925902614511,-0.4911388957657715,-0.497659539123226,-0.5856427477482075,0.0,-0.15583523757508816,-0.10931481486018461,0.8696565221707119,0.6310278655299533,0.2832829906779402,-0.47447450910961253,3,5.3,0.9489092494118224,-0.8698769657040297
-1.7200416918746033,-0.8768766439924739,-1.621545000326137,-0.596925902614511,-0.0021447113352217706,0.8815215184013586,0.5700464029346735,0.0,0.40200974330964756,-0.10931481486018461,0.7593472935073498,1.4528058064046376,0.4178424112499616,-0.5193081754256318,2,4.5,1.0256283082711577,1.1753447022387684
-2.765955768420706,1.467155077502559,-1.621545000326137,-0.596925902614511,-0.6948864726118339,-1.072318313091803,-1.0671798938660746,0.0,0.40200974330964756,-0.2047238582187203,0.9137802136360571,1.1788798261130762,-0.165248411228798,1.3637058098471775,3,6.9,1.9474347599877364,-1.1064799807004315
2.4636146143098085,0.5295423889045459,-1.621545000326137,-0.596925902614511,-0.6948864726118339,-1.072318313091803,-1.0671798938660746,0.0,-0.7136802184598239,-0.586360031652863,-1.248280668165849,-1.2473217136121821,-1.5108426169490126,-1.4159815017460171,0,0.0,-1.916567388278464,-2.4618745433896256
0.7901520918360438,-1.3456829882914805,-0.18598365595138475,-0.596925902614511,-0.6541369572426214,-0.9573865582980876,-0.9708724646425011,0.0,0.40200974330964756,0.22461683689469028,0.4504814532499343,0.4744987339347755,1.1354926543007429,-0.9228111722698052,3,2.2,0.9534761705010291,-1.3628725648603115
-0.8833104306377209,-0.4080702996934673,1.2495776884233674,0.923081292702852,0.03860480403399071,0.996453273195074,0.6663538321582468,0.0,0.9598547241943832,0.5585484886495652,1.2520618482037023,1.413673523505843,-1.5108426169490126,-1.4159815017460171,2,0.0,1.4721083369481245,1.1779008809637344
1.208517722454485,-0.8768766439924739,-0.18598365595138475,0.923081292702852,3.706061187263114,1.4102075904524496,1.6294281243939808,0.0,-0.15583523757508816,0.1292077935361546,-0.5864252961856737,-0.6603374701302649,-1.5108426169490126,-1.4159815017460171,1,0.0,-2.1248890101280913,3.098178171260833
-0.6741276153285003,-0.4080702996934673,1.2495776884233674,-0.596925902614511,-0.6948864726118339,-1.072318313091803,-1.0671798938660746,0.0,-0.7136802184598239,-0.586360031652863,-1.248280668165849,-1.2473217136121821,-0.9726049346609269,1.7223751403753316,0,2.7,-1.3622515203302048,-2.0186916532530974
-0.046579169400838547,0.06073604460553927,-0.18598365595138475,-0.596925902614511,1.3018397804795776,0.8049003485388816,1.2441984074996872,0.0,-0.15583523757508816,-0.300132901577256,0.8696565221707119,0.6310278655299533,1.5840240562074812,1.2740384772151387,2,275.0,0.4002386233058923,2.1485010663562187
0.7901520918360438,-1.3456829882914805,1.2495776884233674,-0.596925902614511,-0.6948864726118339,-1.072318313091803,-1.0671798938660746,0.0,-0.15583523757508816,0.1292077935361546,0.5607906819132967,0.35710188523839176,0.10387042991524496,-0.5193081754256318,3,1.5,0.6377536198123479,-1.7096120956978076
0.5809692765268232,-0.4080702996934673,-1.621545000326137,0.923081292702852,-0.6948864726118339,-1.072318313091803,-1.0671798938660746,0.0,0.9598547241943832,0.7016620536873687,0.4872511961377219,0.8266892800239257,-1.5108426169490126,-1.4159815017460171,3,0.0,1.3206941438250523,-1.5121710139052227
-2.765955768420706,-1.3456829882914805,-0.18598365595138475,-0.596925902614511,-0.6948864726118339,-1.072318313091803,-1.0671798938660746,0.0,-0.15583523757508816,-0.39554194493579165,1.4432645112201972,1.1397475432142816,0.3729892710592879,1.6775414740593124,3,4.7,1.6905978641409438,-1.1239000416956153
-0.2557619847100591,-0.8768766439924739,-0.18598365595138475,-0.596925902614511,-0.12439325744285921,-0.26779602953579523,-0.20041303085391385,0.0,-0.15583523757508816,0.1292077935361546,1.3991408197548523,1.1006152603154873,0.6869612523940047,-0.20547251121349688,3,5.1,1.2964842152499427,-0.09744463382423615
-0.046579169400838547,-1.3456829882914805,-1.621545000326137,-0.596925902614511,0.8535951114182403,1.1113850279887894,1.4368132659468342,0.0,0.40200974330964756,0.5585484886495652,0.9137802136360571,0.6701601484287479,1.1354926543007429,0.10836315299863786,2,5.3,0.6890804734150657,2.2844811527738735
-1.0924932459469414,0.9983487332035524,-0.18598365595138475,-0.596925902614511,0.36460092698769053,1.915907311544797,1.4368132659468342,0.0,-0.7136802184598239,-0.586360031652863,-1.248280668165849,-1.2473217136121821,0.3729892710592879,0.8705354803709653,1,4.2,-2.073385346540955,1.855478226295607
0.3717864612176026,1.467155077502559,-0.18598365595138475,-0.596925902614511,-0.0021447113352217706,0.8815215184013586,0.5700464029346735,0.0,-0.15583523757508816,-0.10931481486018461,1.2667697453588171,0.9832184116191038,-0.7483392337075576,1.1843711445831002,2,4.2,0.9524644888440699,0.9811248906505693
-1.0924932459469414,-0.8768766439924739,-0.18598365595138475,-0.596925902614511,-0.6948864726118339,-1.072318313091803,-1.0671798938660746,0.0,-0.7136802184598239,-0.586360031652863,-1.248280668165849,-1.2473217136121821,-1.5108426169490126,-1.4159815017460171,0,0.0,-1.8055421194900494,-2.3109257443000084
-0.46494480001927974,0.9983487332035524,-0.18598365595138475,0.923081292702852,-0.6948864726118339,-1.072318313091803,-1.0671798938660746,0.0,0.40200974330964756,0.8447756187251723,-0.7408582163143813,-0.7777343188266483,-0.9277517944702528,-0.6538091743736897,0,5.1,0.08127055439614389,-1.6873632440525366
1.208517722454485,-0.4080702996934673,-0.18598365595138475,-0.596925902614511,0.40535044235690304,2.0308390663385127,1.5331206951704075,0.0,0.40200974330964756,-0.2047238582187203,1.685944814279595,1.4919380893034322,1.5840240562074812,-0.3399735101615548,2,5.6,1.1722652560608207,2.6208798339905486
-1.301676061256162,1.467155077502559,-0.18598365595138475,-0.596925902614511,-0.1651427728120717,0.4217944992264971,0.1848166860403798,0.0,-0.15583523757508816,-0.39554194493579165,1.7962540429429574,1.4528058064046376,1.2700520748727644,-0.47447450910961253,3,4.5,1.665111230644688,0.6311376713355842
-0.2557619847100591,0.06073604460553927,-0.18598365595138475,-0.596925902614511,-0.6948864726118339,-1.072318313091803,-1.0671798938660746,0.0,-0.7136802184598239,-0.586360031652863,-1.248280668165849,-1.2473217136121821,1.4494646356354592,1.6775414740593124,0,3.5,-1.0856455806731908,-1.7308080318696284
2.0452489836913674,0.06073604460553927,-0.18598365595138475,0.923081292702852,-0.6948864726118339,-1.072318313091803,-1.0671798938660746,0.0,-0.7136802184598239,-0.586360031652863,-1.248280668165849,-1.2473217136121821,1.4046114954447857,-0.47447450910961253,0,6.5,-1.4712752814994718,-1.9670018560733467
1.208517722454485,1.467155077502559,-0.18598365595138475,-0.596925902614511,2.361327180079102,1.8009755567510817,1.7257355536175543,0.0,0.40200974330964756,-0.2047238582187203,0.18573930445786416,0.31796960233959737,-1.5108426169490126,-1.4159815017460171,2,0.0,-0.7311183058297195,2.843433687629149
-0.46494480001927974,-0.4080702996934673,-0.18598365595138475,-0.596925902614511,1.3425892958487902,1.8009755567510817,1.6294281243939808,0.0,0.40200974330964756,1.3218208355178507,0.6269762191113144,0.5918955826311589,0.014164149533897238,1.6775414740593124,2,4.4,0.8205823579177405,3.104993797127269
-0.2557619847100591,1.467155077502559,1.2495776884233674,-0.596925902614511,-0.6948864726118339,-1.072318313091803,-1.0671798938660746,0.0,-0.15583523757508816,0.1292077935361546,0.07543007579450162,-0.07335322664834751,-0.6586329533262101,-0.877977505953786,3,6.8,0.40459873952856085,-1.8453308641039616
0.5809692765268232,1.467155077502559,-0.18598365595138475,-0.596925902614511,-0.6948864726118339,-1.072318313091803,-1.0671798938660746,0.0,-0.15583523757508816,-0.39554194493579165,-0.056940998601533364,-0.1907500753447309,0.3729892710592879,1.139537478267081,3,3.6,0.29636288822891294,-1.6307331906048694
0.3717864612176026,0.5295423889045459,1.2495776884233674,-0.596925902614511,-0.08364374207364673,0.6516580088139279,0.37743154448752664,0.0,-0.15583523757508816,-0.10931481486018461,0.5607906819132967,0.35710188523839176,0.19357671029659249,-0.6986428406897088,2,3.3,0.220280689609493,0.438710912037811
-0.46494480001927974,-1.3456829882914805,-0.18598365595138475,-0.596925902614511,3.298566033570989,1.1803440808650187,1.4368132659468342,0.0,0.9598547241943832,0.3677304019324938,0.8990723164809422,0.9049538458215147,-1.5108426169490126,-1.4159815017460171,2,0.0,0.22793961081536493,3.1090871460470084
0.5809692765268232,0.06073604460553927,-0.18598365595138475,-0.596925902614511,0.12010383477241568,1.2263167827825048,0.8589686906053937,0.0,-0.15583523757508816,0.1292077935361546,-0.32168314739360354,-0.4255437727374979,1.0906395141100689,-0.3848071764775741,1,3.1,-0.6595932013613491,1.1823297853577648
-0.2557619847100591,0.5295423889045459,-0.18598365595138475,-0.596925902614511,-0.08364374207364673,-0.21033015213893755,0.1848166860403798,0.0,-0.15583523757508816,-0.10931481486018461,0.5166669904479518,0.31796960233959737,0.2832829906779402,-0.6538091743736897,3,6.4,0.33805129021779695,-0.09112296824791105
-0.46494480001927974,1.467155077502559,-0.18598365595138475,-0.596925902614511,0.7313465653106029,0.9389873957982163,1.0515835490525405,0.0,0.9598547241943832,0.2723213585739581,-0.18931207299756855,0.4353664510359808,0.3729892710592879,0.15319681931465715,2,5.4,0.5356210554389623,1.7187053161986197
-0.046579169400838547,-0.8768766439924739,-0.18598365595138475,0.923081292702852,-0.6948864726118339,-1.072318313091803,-1.0671798938660746,0.0,0.40200974330964756,1.0832982271215115,-0.3878686845916211,-0.347279206939909,0.23842985048726634,0.018695820366599437,3,1.1,0.5673462020967845,-1.4187912895555501
-0.046579169400838547,0.5295423889045459,-0.18598365595138475,0.923081292702852,1.261090265110365,1.6860438019573665,1.7257355536175543,0.0,-0.7136802184598239,-0.586360031652863,-1.248280668165849,-1.2473217136121821,-1.5108426169490126,-1.4159815017460171,1,0.0,-2.804841199225822,1.9392896169544989
-0.46494480001927974,-0.8768766439924739,1.2495776884233674,0.923081292702852,-0.12439325744285921,-0.26779602953579523,0.1848166860403798,0.0,-0.7136802184598239,-0.586360031652863,-1.248280668165849,-1.2473217136121821,0.19357671029659249,0.9602028130030039,1,6.9,-1.754869046468049,-0.3886868224094203
-0.046579169400838547,0.06073604460553927,2.6851390327981197,2.4430884880202153,-0.6948864726118339,-1.072318313091803,-1.0671798938660746,0.0,0.40200974330964756,0.8447756187251723,-0.5202397589876562,-0.5038083385350869,-1.5108426169490126,-1.4159815017460171,0,0.0,0.11738478854721565,-1.7885277921538172
-0.046579169400838547,-1.3456829882914805,-1.621545000326137,2.4430884880202153,0.5275989884645405,0.6516580088139279,1.5331206951704075,0.0,-0.7136802184598239,-0.586360031652863,-1.248280668165849,-1.2473217136121821,0.4626955514406356,-0.9228111722698052,1,6.1,-2.5040224108102183,1.2762059259741303
0.5809692765268232,-0.4080702996934673,1.2495776884233674,-0.596925902614511,0.40535044235690304,2.0308390663385127,1.5331206951704075,0.0,-0.7136802184598239,-0.586360031652863,-1.248280668165849,-1.2473217136121821,-0.7483392337075576,-0.02613784594941987,1,6.0,-2.5463472567645016,1.6418988317816026
-0.046579169400838547,-0.4080702996934673,-0.18598365595138475,-0.596925902614511,0.44609995772611555,0.5367262540202125,1.5331206951704075,0.0,-0.15583523757508816,-0.300132901577256,-0.23343576446291361,-0.347279206939909,0.19357671029659249,0.6015334824748498,1,5.3,-0.8282019323820669,1.3254402433657326
1.208517722454485,0.9983487332035524,-0.18598365595138475,0.923081292702852,-0.6948864726118339,-1.072318313091803,-1.0671798938660746,0.0,-0.15583523757508816,-0.4909509882943274,1.4432645112201972,1.1397475432142816,-0.8380455140889053,1.6327078077432928,3,5.8,1.4752487069704443,-1.3846068002575564
-1.7200416918746033,0.9983487332035524,-1.621545000326137,-0.596925902614511,-0.24664180355049667,0.19193098963906632,-0.007798172406767023,0.0,0.40200974330964756,0.41543492361176165,0.825532830705367,1.4528058064046376,-0.43436725237284096,-0.4296408427935932,3,3.7,1.5907857620870822,0.3082462106476497
0.7901520918360438,-1.3456829882914805,-0.18598365595138475,0.923081292702852,0.28310189624926557,1.6860438019573665,1.2441984074996872,0.0,0.40200974330964756,0.3677304019324938,0.6490380648439869,0.5136310168335698,1.314905215063438,-0.7883101733217475,2,4.7,0.3241619771031071,2.1144836067940194
-0.46494480001927974,-1.3456829882914805,-0.18598365595138475,2.4430884880202153,0.24235238088005312,0.249396867035924,0.08850925681680638,0.0,-0.7136802184598239,-0.586360031652863,-1.248280668165849,-1.2473217136121821,1.4494646356354592,-0.4296408427935932,1,3.2,-1.9585534629876789,0.18761164676490902
-1.5108588765653825,1.467155077502559,2.6851390327981197,2.4430884880202153,-0.6948864726118339,-1.072318313091803,-1.0671798938660746,0.0,-0.7136802184598239,-0.586360031652863,-1.248280668165849,-1.2473217136121821,-1.5108426169490126,-1.4159815017460171,0,0.0,-1.501661223069187,-2.1557551277738582
0.3717864612176026,-0.8768766439924739,-0.18598365595138475,0.923081292702852,0.07935431940320319,1.1113850279887894,0.7626612613818202,0.0,0.40200974330964756,0.41543492361176165,0.2960485331212267,0.35710188523839176,-1.5108426169490126,-1.4159815017460171,2,0.0,-0.0675049539409589,1.0074887478809536
-1.0924932459469414,-0.8768766439924739,-0.18598365595138475,-0.596925902614511,-0.6948864726118339,-1.072318313091803,-1.0671798938660746,0.0,0.40200974330964756,0.17691231521542244,0.3622340703192442,0.9440861287203091,-0.165248411228798,1.0498701456350426,3,4.1,1.375258339789638,-1.315121633129872
-0.046579169400838547,0.9983487332035524,-1.621545000326137,-0.596925902614511,1.1388417190027278,1.5136461697667933,1.7257355536175543,0.0,0.40200974330964756,0.8447756187251723,0.1416156129925191,0.6310278655299533,0.4178424112499616,0.6912008151068885,2,3.7,0.4913816815834307,2.7772362929378263
-0.046579169400838547,0.06073604460553927,-0.18598365595138475,0.923081292702852,-0.6948864726118339,-1.072318313091803,-1.0671798938660746,0.0,-0.15583523757508816,-0.300132901577256,1.0461512880320922,0.7875569971251314,0.8663738131566998,-0.9228111722698052,3,4.2,1.1093978785892975,-1.4220685054988425
1.626883353072926,0.5295423889045459,-1.621545000326137,2.4430884880202153,0.7720960806798154,0.996453273195074,1.3405058367232607,0.0,0.40200974330964756,1.3218208355178507,1.090274979497437,1.2962766748094596,1.359758355254112,0.5566998161588307,2,5.2,1.5824277585678022,2.4916478203912167
-1.5108588765653825,0.5295423889045459,-0.18598365595138475,-0.596925902614511,-0.6948864726118339,-1.072318313091803,-1.0671798938660746,0.0,-0.7136802184598239,-0.586360031652863,-1.248280668165849,-1.2473217136121821,1.2251989346820902,-0.07097151226543917,0,4.7,-1.161701540220237,-1.8485832580636579
0.7901520918360438,-1.3456829882914805,-0.18598365595138475,0.923081292702852,-0.6948864726118339,-1.072318313091803,-1.0671798938660746,0.0,-0.7136802184598239,-0.586360031652863,-1.248280668165849,-1.2473217136121821,1.045786373919395,1.7223751403753316,0,3.7,-1.3663222131990862,-1.7325616314472478
0.3717864612176026,0.5295423889045459,-0.18598365595138475,-0.596925902614511,0.44609995772611555,2.1457708211322277,1.6294281243939808,0.0,0.40200974330964756,0.8447756187251723,1.2888315910914896,1.3745412406070487,0.8215206729660262,0.3773651508947535,2,1.4,1.4471917078515557,2.8824629365861827
-0.046579169400838547,-1.3456829882914805,-0.18598365595138475,-0.596925902614511,2.5650747569251644,1.2263167827825048,1.2441984074996872,0.0,-0.15583523757508816,0.3677304019324938,-0.23343576446291361,-0.347279206939909,1.0009332337287211,0.018695820366599437,2,2.5,-0.9467948899320857,2.689340769489713
0.7901520918360438,-0.8768766439924739,-0.18598365595138475,-0.596925902614511,-0.6948864726118339,-1.072318313091803,-1.0671798938660746,0.0,-0.7136802184598239,-0.586360031652863,-1.248280668165849,-1.2473217136121821,-1.5108426169490126,-1.4159815017460171,0,0.0,-1.9211014573892513,-2.418249921020044
-0.46494480001927974,-1.3456829882914805,-0.18598365595138475,-0.596925902614511,-0.5726379265041965,-0.7275230487106568,-0.7782576061953543,0.0,-0.7136802184598239,-0.586360031652863,-1.248280668165849,-1.2473217136121821,-0.34466097199149326,0.9602028130030039,0,6.4,-1.6191241606439872,-1.5626014105477979
-2.138407322493044,-0.4080702996934673,-0.18598365595138475,-0.596925902614511,-0.6948864726118339,-1.072318313091803,-1.0671798938660746,0.0,0.40200974330964756,-0.2047238582187203,0.8034709849726946,0.9832184116191038,1.1354926543007429,1.453373142479216,3,6.0,1.764762303901278,-1.074616803321242
-0.046579169400838547,-0.4080702996934673,-0.18598365595138475,2.4430884880202153,2.605824272294377,0.7895761145663862,1.7257355536175543,0.0,-0.15583523757508816,0.1292077935361546,0.6490380648439869,0.4353664510359808,-1.5108426169490126,-1.4159815017460171,2,0.0,-0.6248175148328097,2.671347146647671
0.3717864612176026,-0.8768766439924739,-0.18598365595138475,0.923081292702852,3.3393155489402018,1.2033304318237619,1.5331206951704075,0.0,-0.7136802184598239,-0.586360031652863,-1.248280668165849,-1.2473217136121821,-0.9726049346609269,0.018695820366599437,1,3.2,-2.9577744981115317,2.709793987391045
-1.301676061256162,0.9983487332035524,-0.18598365595138475,-0.596925902614511,-0.3281408342889216,-0.037932519948364454,-0.20041303085391385,0.0,0.40200974330964756,-0.2047238582187203,0.4504814532499341,0.35710188523839176,-0.6586329533262101,-0.5193081754256318,3,4.8,0.6219413062751977,-0.3112345289431814
1.208517722454485,0.06073604460553927,-0.18598365595138475,0.923081292702852,-0.6948864726118339,-1.072318313091803,-1.0671798938660746,0.0,0.40200974330964756,0.8447756187251723,1.1343986709627822,1.3745412406070487,-1.5108426169490126,-1.4159815017460171,3,0.0,1.7773177286179653,-1.5231060642437233
2.2544317990005878,0.9983487332035524,1.2495776884233674,-0.596925902614511,-0.6948864726118339,-1.072318313091803,-1.0671798938660746,0.0,0.9598547241943832,0.606253010328833,1.2814776425139323,1.3745412406070487,1.6288771963981548,0.7360344814229075,3,1.6,2.7054049599713763,-1.1243019813329171
-0.046579169400838547,1.467155077502559,-0.18598365595138475,-0.596925902614511,-0.4911388957657715,-0.497659539123226,-0.5856427477482075,0.0,0.40200974330964756,0.5585484886495652,-0.056940998601533364,0.08317590494683041,0.0590172897245711,0.3773651508947535,3,2.1,0.8415490766213326,-0.7695808241277654
-0.46494480001927974,1.467155077502559,-0.18598365595138475,-0.596925902614511,2.1575796032330397,1.6094226320948892,1.7257355536175543,0.0,-0.15583523757508816,0.3677304019324938,0.4725432989826068,0.27883731944080287,-0.34466097199149326,-0.9676448385858245,2,1.3,-0.2856376942095088,2.9257368409054325
-0.2557619847100591,1.467155077502559,-0.18598365595138475,0.923081292702852,-0.6948864726118339,-1.072318313091803,-1.0671798938660746,0.0,-0.7136802184598239,-0.586360031652863,-1.248280668165849,-1.2473217136121821,-1.5108426169490126,-1.4159815017460171,0,0.0,-1.6351171262728734,-2.2423110469658423
-1.7200416918746033,0.5295423889045459,-1.621545000326137,-0.596925902614511,-0.3281408342889216,-0.037932519948364454,-0.20041303085391385,0.0,0.40200974330964756,0.4631394452910295,0.40635776178458927,1.061482977416693,-1.5108426169490126,-1.4159815017460171,3,0.0,0.9919528719837079,-0.26838344594841834
-2.765955768420706,0.5295423889045459,2.6851390327981197,-0.596925902614511,0.6498475345721779,0.8240556410045009,0.6663538321582468,0.0,0.9598547241943832,0.7016620536873687,1.3991408197548523,1.3745412406070487,0.19357671029659249,0.5566998161588307,2,3.9,2.207250054377221,1.7365396438435179
-0.46494480001927974,0.06073604460553927,-0.18598365595138475,0.923081292702852,0.6090980192029655,0.7665897636076433,1.0515835490525405,0.0,0.40200974330964756,0.320025880253226,-0.6746726791163637,-0.6603374701302649,0.8663738131566998,-0.07097151226543917,2,5.9,-0.6071627906792106,1.4666105323161618
-0.46494480001927974,0.5295423889045459,1.2495776884233674,-0.596925902614511,0.20160286551084064,0.19193098963906632,0.37743154448752664,0.0,-0.15583523757508816,0.1292077935361546,0.4284196075172617,0.23970503654200834,0.2832829906779402,0.06352948668261854,2,6.6,0.35573456654785085,0.4429262354669138
-0.046579169400838547,0.5295423889045459,-1.621545000326137,2.4430884880202153,0.28310189624926557,0.3068627444327817,0.37743154448752664,0.0,-0.7136802184598239,-0.586360031652863,-1.248280668165849,-1.2473217136121821,0.3281361308686139,0.3773651508947535,1,1.3,-1.9415501202021255,0.39382173784375074
-1.0924932459469414,0.9983487332035524,-1.621545000326137,-0.596925902614511,-0.6948864726118339,-1.072318313091803,-1.0671798938660746,0.0,0.40200974330964756,-0.01390577150164893,0.7593472935073493,0.7092924313275423,0.6869612523940047,0.15319681931465715,3,4.9,1.5367389831471612,-1.2665210672202702
-0.2557619847100591,-0.4080702996934673,-0.18598365595138475,-0.596925902614511,0.12010383477241568,0.07699923484535093,0.7626612613818202,0.0,-0.15583523757508816,0.1292077935361546,0.7372854477746769,0.5136310168335698,-1.5108426169490126,-1.4159815017460171,2,0.0,0.0997897895095177,0.30961833567309915
-0.046579169400838547,0.06073604460553927,-0.18598365595138475,-0.596925902614511,1.3018397804795776,0.8049003485388816,1.2441984074996872,0.0,-0.15583523757508816,-0.300132901577256,0.8696565221707119,0.6310278655299533,1.5840240562074812,1.2740384772151387,2,275.0,0.4002386233058923,2.1485010663562187
0.3717864612176026,-0.4080702996934673,-0.18598365595138475,2.4430884880202153,1.8723329956485524,1.3412485375762202,1.4368132659468342,0.0,-0.7136802184598239,-0.586360031652863,-1.248280668165849,-1.2473217136121821,1.045786373919395,-0.1606388448974778,1,6.0,-2.5064429351345936,2.3418564037811214
0.3717864612176026,-0.4080702996934673,-0.18598365595138475,-0.596925902614511,-0.6948864726118339,-1.072318313091803,-1.0671798938660746,0.0,-0.15583523757508816,0.1292077935361546,-0.40993053032429366,-0.5038083385350869,-1.5108426169490126,-1.4159815017460171,0,0.0,-0.4917671111244242,-2.0808611532965346
0.7901520918360438,-1.3456829882914805,-0.18598365595138475,2.4430884880202153,-0.6948864726118339,-1.072318313091803,-1.0671798938660746,0.0,1.517699705079119,0.9401846620837079,1.222646053893472,1.2571443919106653,-0.7034860935168838,-0.07097151226543917,3,6.2,2.400083023907729,-1.0419689925396451
1.208517722454485,1.467155077502559,1.2495776884233674,0.923081292702852,-0.45038938039655907,-0.3827277843295106,-0.4893353185246341,0.0,-0.15583523757508816,-0.10931481486018461,0.7372854477746769,0.5136310168335698,0.10387042991524496,-0.2951398438455355,3,4.2,0.7607782959309112,-0.7294710795857444
-0.046579169400838547,0.06073604460553927,-0.18598365595138475,-0.596925902614511,-0.12439325744285921,0.5367262540202125,0.2811241152639532,0.0,-0.7136802184598239,-0.586360031652863,-1.248280668165849,-1.2473217136121821,-1.5108426169490126,-1.4159815017460171,1,0.0,-2.269225713855673,-0.3573557841660861
0.5809692765268232,0.9983487332035524,-0.18598365595138475,-0.596925902614511,-0.1651427728120717,0.4217944992264971,0.1848166860403798,0.0,-0.15583523757508816,0.3677304019324938,1.6197592770815774,1.2962766748094596,0.5075486916313093,1.318872143531158,2,4.8,1.7360050212395246,0.6697348575365926
0.7901520918360438,0.5295423889045459,-0.18598365595138475,-0.596925902614511,-0.3688903496581341,-0.15286427474207984,-0.29672046007748726,0.0,0.40200974330964756,0.6539575320081009,0.8475946764380394,0.6310278655299533,1.539170916016807,0.15319681931465715,3,4.3,1.5128725446698141,-0.0968748564201833
0.3717864612176026,1.467155077502559,2.6851390327981197,2.4430884880202153,0.36460092698769053,1.915907311544797,1.4368132659468342,0.0,0.40200974330964756,0.3677304019324938,0.7372854477746769,0.5136310168335698,1.0009332337287211,1.0947038119510615,2,1.1,0.8223848174025374,2.60618622328514
-0.046579169400838547,1.467155077502559,-0.18598365595138475,0.923081292702852,0.44609995772611555,2.1457708211322277,1.6294281243939808,0.0,0.40200974330964756,0.5585484886495652,1.0682131337647645,0.8266892800239257,-1.5108426169490126,-1.4159815017460171,2,0.0,0.5662488059484927,2.47112618288244
0.9993349071452644,0.5295423889045459,-0.18598365595138475,-0.596925902614511,-0.12439325744285921,-0.26779602953579523,-0.39302788930106064,0.0,0.9598547241943832,1.5603434439141899,1.310893436824162,1.2180121090118705,0.2832829906779402,-0.6089755080576703,3,2.3,2.4354586762955477,-0.04229775422426169
1.208517722454485,-1.3456829882914805,-0.18598365595138475,-0.596925902614511,-0.40963986502734656,-0.26779602953579523,-0.39302788930106064,0.0,-0.7136802184598239,-0.586360031652863,-1.248280668165849,-1.2473217136121821,1.4943177758261335,0.24286415194669578,0,5.4,-1.7096186025099325,-0.9484418414776913
-1.0924932459469414,1.467155077502559,-1.621545000326137,0.923081292702852,0.8535951114182403,1.1113850279887894,1.4368132659468342,0.0,0.40200974330964756,1.0832982271215115,0.18573930445786416,0.35710188523839176,1.0009332337287211,0.3773651508947535,2,5.3,0.734637643543945,2.439903717569773
-1.0924932459469414,0.9983487332035524,-0.18598365595138475,-0.596925902614511,-0.6948864726118339,-1.072318313091803,-1.0671798938660746,0.0,-0.15583523757508816,-0.39554194493579165,1.663882968546922,1.335408957708254,1.2700520748727644,-0.25030617752951617,3,6.3,1.9615655571908883,-1.2514376928980644
-1.0924932459469414,0.9983487332035524,1.2495776884233674,-0.596925902614511,-0.6948864726118339,-1.072318313091803,-1.0671798938660746,0.0,-0.7136802184598239,-0.586360031652863,-1.248280668165849,-1.2473217136121821,-0.07554213084745028,0.24286415194669578,0,7.0,-1.2266542016185573,-2.029634424758887
0.7901520918360438,0.5295423889045459,-0.18598365595138475,-0.596925902614511,-0.6948864726118339,-1.072318313091803,-1.0671798938660746,0.0,-0.15583523757508816,0.3677304019324938,0.25192484165588164,0.08317590494683041,0.8663738131566998,0.7360344814229075,3,4.0,0.8184101550233593,-1.4790644972164617
-2.347590137802265,-1.3456829882914805,1.2495776884233674,-0.596925902614511,0.486849473095328,2.260702575925943,1.7257355536175543,0.0,0.40200974330964756,0.17691231521542244,-0.07900284433420579,0.0049113391492415425,0.23842985048726634,-0.8331438396377667,2,6.3,-0.43518680854352854,2.5933029786933766
0.7901520918360438,-1.3456829882914805,2.6851390327981197,-0.596925902614511,-0.6948864726118339,-1.072318313091803,-1.0671798938660746,0.0,-0.15583523757508816,-0.300132901577256,1.7521303514776123,1.413673523505843,0.3729892710592879,0.5118661498428112,3,5.0,1.7703940481968825,-1.4587559805702628
2.4636146143098085,-0.4080702996934673,1.2495776884233674,-0.596925902614511,-0.6948864726118339,-1.072318313091803,-1.0671798938660746,0.0,-0.15583523757508816,0.3677304019324938,-0.5864252961856737,-0.6603374701302649,0.8215206729660262,1.0947038119510615,0,3.8,-0.11116467712059575,-1.7502435777992658
-0.8833104306377209,-0.8768766439924739,-0.18598365595138475,-0.596925902614511,1.9945815417561898,0.4447808501852401,1.3405058367232607,0.0,0.40200974330964756,0.3677304019324938,0.6931617563093321,0.6310278655299533,0.552401831821983,1.0498701456350426,2,6.5,0.5938907227799732,2.370196006004569
0.7901520918360438,-0.4080702996934673,-0.18598365595138475,-0.596925902614511,-0.6948864726118339,-1.072318313091803,-1.0671798938660746,0.0,0.40200974330964756,0.41543492361176165,0.18573930445786416,0.04404362204803589,-1.5108426169490126,-1.4159815017460171,3,0.0,0.43695187650316303,-1.8894381084922336
0.3717864612176026,0.9983487332035524,2.6851390327981197,2.4430884880202153,-0.6948864726118339,-1.072318313091803,-1.0671798938660746,0.0,0.9598547241943832,0.4631394452910295,0.7225775506195615,1.335408957708254,0.6869612523940047,-0.02613784594941987,3,1.3,2.2693055641583117,-1.1001769574085039
-0.046579169400838547,-1.3456829882914805,-0.18598365595138475,-0.596925902614511,-0.6948864726118339,-1.072318313091803,-1.0671798938660746,0.0,-0.7136802184598239,-0.586360031652863,-1.248280668165849,-1.2473217136121821,1.5840240562074812,0.8705354803709653,0,6.7,-1.309970392090527,-1.811460131377184
-0.46494480001927974,-0.4080702996934673,-0.18598365595138475,-0.596925902614511,0.6090980192029655,0.7665897636076433,0.7626612613818202,0.0,0.9598547241943832,0.4631394452910295,1.002027596566747,1.335408957708254,1.1803457944914166,0.3773651508947535,2,2.0,1.6766361922746957,1.7182219677986665
0.3717864612176026,-1.3456829882914805,-0.18598365595138475,-0.596925902614511,-0.6948864726118339,-1.072318313091803,-1.0671798938660746,0.0,-0.15583523757508816,0.3677304019324938,0.16367745872519174,0.0049113391492415425,0.4178424112499616,0.10836315299863786,3,1.4,0.44557983831457154,-1.5901426374526975
-0.2557619847100591,-1.3456829882914805,-0.18598365595138475,2.4430884880202153,0.16085335014162816,1.3412485375762202,0.9552761198289671,0.0,-0.7136802184598239,-0.586360031652863,-1.248280668165849,-1.2473217136121821,-1.5108426169490126,-1.4159815017460171,1,0.0,-2.7004988659275595,0.8624150428855295
0.16260364590838206,0.9983487332035524,-1.621545000326137,0.923081292702852,-0.24664180355049667,0.19193098963906632,-0.007798172406767023,0.0,-0.15583523757508816,-0.300132901577256,-0.6305489876510187,-0.6994697530290593,0.9112269533473738,0.6015334824748498,1,4.3,-0.6767497126140049,0.03318024797434003
0.5809692765268232,0.5295423889045459,-0.18598365595138475,-0.596925902614511,-0.6948864726118339,-1.072318313091803,-1.0671798938660746,0.0,-0.15583523757508816,-0.4909509882943274,0.25192484165588164,0.08317590494683041,1.045786373919395,1.6775414740593124,3,3.5,0.5891319827143862,-1.4638256174921216
-0.46494480001927974,1.467155077502559,1.2495776884233674,-0.596925902614511,0.486849473095328,0.5941921314170702,1.2441984074996872,0.0,-0.15583523757508816,-0.300132901577256,-0.012817307136188503,-0.15161779244593657,-0.6137798131355362,0.3773651508947535,2,3.8,-0.4474839358467385,1.1259529775835568
-0.46494480001927974,-0.4080702996934673,-0.18598365595138475,0.923081292702852,0.568348503833753,0.7091238862107856,0.6663538321582468,0.0,-0.7136802184598239,-0.586360031652863,-1.248280668165849,-1.2473217136121821,-1.5108426169490126,-1.4159815017460171,1,0.0,-2.492044914323764,0.4304526175866483
-1.0924932459469414,1.467155077502559,1.2495776884233674,-0.596925902614511,-0.6948864726118339,-1.072318313091803,-1.0671798938660746,0.0,-0.7136802184598239,-0.586360031652863,-1.248280668165849,-1.2473217136121821,1.539170916016807,1.1843711445831002,0,2.8,-0.8849419330861727,-1.7584957696872285
-0.046579169400838547,0.5295423889045459,-0.18598365595138475,-0.596925902614511,-0.3688903496581341,-0.6125912939169414,-0.5856427477482075,0.0,-0.7136802184598239,-0.586360031652863,-1.248280668165849,-1.2473217136121821,0.19357671029659249,1.139537478267081,0,6.7,-1.4363251104029793,-1.221980184663242
-0.046579169400838547,-0.8768766439924739,-0.18598365595138475,0.923081292702852,-0.6948864726118339,-1.072318313091803,-1.0671798938660746,0.0,0.40200974330964756,1.0832982271215115,-0.3878686845916211,-0.347279206939909,0.23842985048726634,0.018695820366599437,3,1.1,0.5673462020967845,-1.4187912895555501
1.4177005377637055,-0.8768766439924739,1.2495776884233674,-0.596925902614511,-0.40963986502734656,-0.26779602953579523,-0.39302788930106064,0.0,-0.15583523757508816,0.1292077935361546,1.7521303514776123,1.413673523505843,1.6288771963981548,1.7223751403753316,3,5.0,1.946410207955111,-0.13497955479849733
0.5809692765268232,0.9983487332035524,1.2495776884233674,-0.596925902614511,-0.6948864726118339,-1.072318313091803,-1.0671798938660746,0.0,0.9598547241943832,0.17691231521542244,0.25192484165588164,1.1788798261130762,1.314905215063438,1.4982068087952352,3,4.3,2.0629319817616105,-1.1563457449347723
-0.046579169400838547,0.9983487332035524,-0.18598365595138475,0.923081292702852,-0.6948864726118339,-1.072318313091803,-1.0671798938660746,0.0,-0.15583523757508816,-0.300132901577256,0.6931617563093321,0.4744987339347755,0.23842985048726634,0.15319681931465715,3,6.5,0.9015108417939938,-1.4501350202098602
0.7901520918360438,0.06073604460553927,-1.621545000326137,2.4430884880202153,-0.5726379265041965,-0.7275230487106568,-0.7782576061953543,0.0,-0.15583523757508816,-0.10931481486018461,1.7080066600122674,1.3745412406070487,0.776667532775352,1.4085394761631966,3,4.6,1.8195942725473133,-0.5305127214268051
-0.2557619847100591,1.467155077502559,1.2495776884233674,-0.596925902614511,-0.6948864726118339,-1.072318313091803,-1.0671798938660746,0.0,-0.15583523757508816,0.1292077935361546,0.07543007579450162,-0.07335322664834751,-0.6586329533262101,-0.877977505953786,3,6.8,0.40459873952856085,-1.8453308641039616
-0.46494480001927974,0.9983487332035524,-1.621545000326137,-0.596925902614511,-0.6948864726118339,-1.072318313091803,-1.0671798938660746,0.0,-0.7136802184598239,-0.586360031652863,-1.248280668165849,-1.2473217136121821,-1.5108426169490126,-1.4159815017460171,0,0.0,-1.687669811405486,-2.2926843957820027
-0.8833104306377209,-0.4080702996934673,-0.18598365595138475,-0.596925902614511,-0.6948864726118339,-1.072318313091803,-1.0671798938660746,0.0,-0.7136802184598239,-0.586360031652863,-1.248280668165849,-1.2473217136121821,-1.5108426169490126,-1.4159815017460171,0,0.0,-1.769243439115741,-2.3206092245591114
0.3717864612176026,-0.8768766439924739,-0.18598365595138475,-0.596925902614511,-0.08364374207364673,-0.497659539123226,-0.4893353185246341,0.0,-0.7136802184598239,-0.586360031652863,-1.248280668165849,-1.2473217136121821,-0.4792203925635148,-0.47447450910961253,0,6.3,-1.922296065254603,-1.2199429137575906
-2.347590137802265,0.9983487332035524,-0.18598365595138475,-0.596925902614511,-0.08364374207364673,0.6516580088139279,0.37743154448752664,0.0,1.517699705079119,1.226411792159315,0.9799657508340744,1.061482977416693,-0.9726049346609269,0.3773651508947535,2,5.4,2.262977044772997,1.0955665509005819
-0.046579169400838547,1.467155077502559,-1.621545000326137,-0.596925902614511,-0.3688903496581341,-0.15286427474207984,-0.29672046007748726,0.0,-0.7136802184598239,-0.586360031652863,-1.248280668165849,-1.2473217136121821,-1.5108426169490126,-1.4159815017460171,0,0.0,-1.9486460150727114,-1.1664575581509977
-1.0924932459469414,0.9983487332035524,-0.18598365595138475,0.923081292702852,-0.6948864726118339,-1.072318313091803,-1.0671798938660746,0.0,-0.7136802184598239,-0.586360031652863,-1.248280668165849,-1.2473217136121821,-1.5108426169490126,-1.4159815017460171,0,0.0,-1.6328960273474478,-2.196852841133394
-1.9292245071838239,-1.3456829882914805,-0.18598365595138475,-0.596925902614511,0.5275989884645405,0.07699923484535093,0.9552761198289671,0.0,-0.15583523757508816,-0.10931481486018461,0.5607906819132967,0.35710188523839176,0.552401831821983,0.2876978182627149,2,1.6,0.17601126149008042,1.0392263749518955
0.7901520918360438,1.467155077502559,-0.18598365595138475,-0.596925902614511,0.44609995772611555,0.5367262540202125,1.0515835490525405,0.0,-0.7136802184598239,-0.586360031652863,-1.248280668165849,-1.2473217136121821,-1.5108426169490126,-1.4159815017460171,1,0.0,-2.365922479553231,0.3304775031585726
-0.046579169400838547,0.9983487332035524,-1.621545000326137,-0.596925902614511,0.3238514116184781,0.36432862182963943,0.37743154448752664,0.0,-0.15583523757508816,-0.300132901577256,0.6931617563093321,0.4744987339347755,0.3729892710592879,-0.877977505953786,2,5.0,0.24893330372771047,0.5869824769804687
-1.5108588765653825,0.06073604460553927,-0.18598365595138475,-0.596925902614511,-0.45038938039655907,-0.3827277843295106,-0.4893353185246341,0.0,-0.7136802184598239,-0.586360031652863,-1.248280668165849,-1.2473217136121821,1.539170916016807,-0.3399735101615548,0,5.7,-1.4124351626594893,-0.9807586103307798
-0.46494480001927974,-1.3456829882914805,-1.621545000326137,-0.596925902614511,0.7313465653106029,0.9389873957982163,1.7257355536175543,0.0,-0.7136802184598239,-0.586360031652863,-1.248280668165849,-1.2473217136121821,1.1354926543007429,-0.5193081754256318,1,5.8,-2.403113628391705,1.582269881304147
0.5809692765268232,-0.4080702996934673,-0.18598365595138475,2.4430884880202153,-0.6948864726118339,-1.072318313091803,-1.0671798938660746,0.0,-0.15583523757508816,0.3677304019324938,-0.10106469006687843,-0.22988235824352543,0.3729892710592879,-0.7883101733217475,3,190.0,0.13578323097088707,-1.5269193468378397
1.208517722454485,-1.3456829882914805,-0.18598365595138475,-0.596925902614511,-0.6948864726118339,-1.072318313091803,-1.0671798938660746,0.0,-0.7136802184598239,-0.586360031652863,-1.248280668165849,-1.2473217136121821,0.19357671029659249,0.06352948668261854,0,1.5,-1.638575174011954,-2.1142038076812613
0.3717864612176026,-0.8768766439924739,-0.18598365595138475,-0.596925902614511,-0.12439325744285921,0.5367262540202125,0.2811241152639532,0.0,-0.15583523757508816,0.3677304019324938,-0.23343576446291361,-0.347279206939909,-1.0623112150422744,0.6015334824748498,1,1.4,-0.5142601006999553,0.22996907933135483
-0.046579169400838547,-0.4080702996934673,-0.18598365595138475,2.4430884880202153,-0.45038938039655907,-0.3827277843295106,-0.4893353185246341,0.0,-0.15583523757508816,0.1292077935361546,0.604914373378642,0.3962341681371864,-1.5108426169490126,-1.4159815017460171,3,0.0,0.24004560809864325,-0.7977294756910944
0.3717864612176026,-1.3456829882914805,-0.18598365595138475,-0.596925902614511,-0.042894226704434255,0.7665897636076433,0.4737389737111,0.0,-0.15583523757508816,0.3677304019324938,0.8696565221707119,0.6310278655299533,-1.5108426169490126,-1.4159815017460171,2,0.0,0.16020120578683847,0.47715092566659073
-0.046579169400838547,0.06073604460553927,-0.18598365595138475,-0.596925902614511,-0.042894226704434255,0.7665897636076433,0.4737389737111,0.0,-0.7136802184598239,-0.586360031652863,-1.248280668165849,-1.2473217136121821,-0.8380455140889053,1.7223751403753316,1,2.3,-1.944121169170714,0.3034245090894836
0.3717864612176026,0.06073604460553927,-0.18598365595138475,-0.596925902614511,-0.2058922881812842,0.3068627444327817,0.08850925681680638,0.0,-0.15583523757508816,-0.10931481486018461,0.4284196075172617,0.23970503654200834,-1.5108426169490126,-1.4159815017460171,3,0.0,-0.1697339418016118,-0.23094480695720224
0.5809692765268232,0.5295423889045459,-0.18598365595138475,-0.596925902614511,2.687323303032802,0.8355488164838727,1.7257355536175543,0.0,0.9598547241943832,0.7016620536873687,-0.08635679291176347,0.27883731944080287,0.7318143925846784,-0.9676448385858245,2,5.3,0.09861149978662737,2.9108533133595116
1.4177005377637055,-0.8768766439924739,1.2495776884233674,-0.596925902614511,-0.40963986502734656,-0.26779602953579523,-0.39302788930106064,0.0,-0.15583523757508816,0.1292077935361546,1.7521303514776123,1.413673523505843,1.6288771963981548,1.7223751403753316,3,5.0,1.946410207955111,-0.13497955479849733
0.3717864612176026,-0.8768766439924739,2.6851390327981197,0.923081292702852,-0.0021447113352217706,-0.09539839734522215,0.08850925681680638,0.0,-0.15583523757508816,-0.4909509882943274,1.1343986709627822,0.8658215629227204,-0.7034860935168838,0.7360344814229075,3,2.5,0.6432113525612148,0.021193870090831034
-1.0924932459469414,0.9983487332035524,2.6851390327981197,-0.596925902614511,-0.1651427728120717,0.4217944992264971,0.1848166860403798,0.0,-0.15583523757508816,0.3677304019324938,1.222646053893472,0.9440861287203091,-0.4792203925635148,1.6775414740593124,3,5.2,1.455056790462405,0.5261084885378731
0.7901520918360438,0.5295423889045459,1.2495776884233674,-0.596925902614511,-0.08364374207364673,0.6516580088139279,0.37743154448752664,0.0,0.40200974330964756,-0.01390577150164893,0.18573930445786416,0.3962341681371864,1.5840240562074812,1.2292048108991198,2,1.9,0.693108937444808,0.8032318344118446
0.5809692765268232,0.9983487332035524,-0.18598365595138475,-0.596925902614511,-0.6948864726118339,-1.072318313091803,-1.0671798938660746,0.0,0.40200974330964756,0.8447756187251723,0.2078011501905366,0.5136310168335698,-0.6586329533262101,-0.5193081754256318,3,6.0,1.2286044892355852,-1.584054166829885
-0.46494480001927974,-0.4080702996934673,-0.18598365595138475,0.923081292702852,0.568348503833753,0.7091238862107856,0.6663538321582468,0.0,-0.7136802184598239,-0.586360031652863,-1.248280668165849,-1.2473217136121821,-1.5108426169490126,-1.4159815017460171,1,0.0,-2.492044914323764,0.4304526175866483
-1.5108588765653825,1.467155077502559,-0.18598365595138475,-0.596925902614511,-0.6948864726118339,-1.072318313091803,-1.0671798938660746,0.0,-0.15583523757508816,0.3677304019324938,1.0461512880320922,0.7875569971251314,0.014164149533897238,0.06352948668261854,3,4.1,1.6429703415696097,-1.3547854031596498
-1.0924932459469414,-1.3456829882914805,-0.18598365595138475,-0.596925902614511,-0.6948864726118339,-1.072318313091803,-1.0671798938660746,0.0,0.40200974330964756,0.08150327185688676,-0.10106469006687863,0.23970503654200834,-0.21010155141947184,-0.11580517858145847,3,19.0,0.5682729108201294,-1.5634379778640821
-2.347590137802265,-0.4080702996934673,1.2495776884233674,-0.596925902614511,0.44609995772611555,2.1457708211322277,1.6294281243939808,0.0,0.9598547241943832,1.3218208355178507,-0.13048048437710852,0.23970503654200834,1.1354926543007429,1.6775414740593124,2,5.3,0.892881174482276,3.023447787413993
-1.0924932459469414,0.06073604460553927,-1.621545000326137,-0.596925902614511,-0.6948864726118339,-1.072318313091803,-1.0671798938660746,0.0,-0.7136802184598239,-0.586360031652863,-1.248280668165849,-1.2473217136121821,0.2832829906779402,-0.47447450910961253,0,3.7,-1.4327952123771404,-1.972590438877704
0.5809692765268232,-0.8768766439924739,-0.18598365595138475,2.4430884880202153,0.6498475345721779,0.19193098963906632,0.1848166860403798,0.0,0.40200974330964756,-0.10931481486018461,0.9137802136360571,0.8266892800239257,-0.7034860935168838,1.6775414740593124,2,4.2,0.7660214580112464,0.9231961418238411
0.3717864612176026,1.467155077502559,-0.18598365595138475,-0.596925902614511,-0.6948864726118339,-1.072318313091803,-1.0671798938660746,0.0,1.517699705079119,1.1310027488007792,0.25192484165588164,1.1397475432142816,0.9560800935380475,0.3773651508947535,3,4.8,2.5630371983616924,-1.0627121693241437
0.7901520918360438,0.5295423889045459,-0.18598365595138475,-0.596925902614511,-0.6948864726118339,-1.072318313091803,-1.0671798938660746,0.0,-0.15583523757508816,-0.300132901577256,-0.3658068388589486,-0.4646760556362924,-1.5108426169490126,-1.4159815017460171,0,0.0,-0.5562266765364859,-2.1452180773733582
0.3717864612176026,-0.8768766439924739,-0.18598365595138475,2.4430884880202153,0.12010383477241568,1.2263167827825048,0.8589686906053937,0.0,-0.7136802184598239,-0.586360031652863,-1.248280668165849,-1.2473217136121821,1.5840240562074812,1.453373142479216,1,6.5,-1.9871953155352522,1.3022956025150891
0.5809692765268232,1.467155077502559,1.2495776884233674,2.4430884880202153,0.28310189624926557,1.6860438019573665,1.2441984074996872,0.0,-0.7136802184598239,-0.586360031652863,-1.248280668165849,-1.2473217136121821,1.1803457944914166,1.3637058098471775,1,3.3,-1.9149856656176323,1.7771111999003397
0.7901520918360438,-0.4080702996934673,-1.621545000326137,-0.596925902614511,-0.6948864726118339,-1.072318313091803,-1.0671798938660746,0.0,-0.7136802184598239,-0.586360031652863,-1.248280668165849,-1.2473217136121821,-0.07554213084745028,0.4670324835267921,0,3.6,-1.5475615831668028,-2.0322122886654164
0.9993349071452644,-0.8768766439924739,-1.621545000326137,-0.596925902614511,-0.6948864726118339,-1.072318313091803,-1.0671798938660746,0.0,-0.15583523757508816,0.3677304019324938,0.5607906819132967,0.35710188523839176,-0.5240735327541884,0.06352948668261854,3,1.5,0.6742505920599837,-1.613760089171727
0.16260364590838206,-0.4080702996934673,1.2495776884233674,-0.596925902614511,-0.6948864726118339,-1.072318313091803,-1.0671798938660746,0.0,-0.7136802184598239,-0.586360031652863,-1.248280668165849,-1.2473217136121821,-1.5108426169490126,-1.4159815017460171,0,0.0,-1.7932807314360502,-2.425284128211323
0.9993349071452644,-1.3456829882914805,-0.18598365595138475,-0.596925902614511,0.40535044235690304,0.4792603766233548,1.3405058367232607,0.0,-0.15583523757508816,-0.4909509882943274,1.5315118941508872,1.2180121090118705,-0.12039527103812414,1.0498701456350426,2,5.3,0.6602147457551721,1.4061680522059454
-0.046579169400838547,-1.3456829882914805,-0.18598365595138475,-0.596925902614511,1.0165931728950903,1.3412485375762202,1.3405058367232607,0.0,0.40200974330964756,-0.01390577150164893,-0.2996213016609311,-0.11248550954714204,-1.5108426169490126,-1.4159815017460171,1,0.0,-1.0283786077643409,1.6926594892227405
1.4177005377637055,-0.8768766439924739,1.2495776884233674,-0.596925902614511,-0.40963986502734656,-0.26779602953579523,-0.39302788930106064,0.0,-0.15583523757508816,0.1292077935361546,1.7521303514776123,1.413673523505843,1.6288771963981548,1.7223751403753316,3,5.0,1.946410207955111,-0.13497955479849733
0.7901520918360438,0.9983487332035524,1.2495776884233674,0.923081292702852,0.36460092698769053,1.915907311544797,1.4368132659468342,0.0,-0.15583523757508816,-0.10931481486018461,-0.32168314739360354,-0.4255437727374979,-1.5108426169490126,-1.4159815017460171,1,0.0,-1.2935867012633815,1.679358967429776
-1.0924932459469414,0.06073604460553927,-0.18598365595138475,-0.596925902614511,-0.6948864726118339,-1.072318313091803,-1.0671798938660746,0.0,-0.15583523757508816,0.3677304019324938,-0.7187963705817088,-0.7777343188266483,1.314905215063438,0.33253148457873416,0,5.3,-0.02554989361628637,-1.5426942126246201
1.208517722454485,-0.8768766439924739,1.2495776884233674,-0.596925902614511,0.5275989884645405,0.6516580088139279,0.37743154448752664,0.0,-0.7136802184598239,-0.586360031652863,-1.248280668165849,-1.2473217136121821,-0.07554213084745028,-0.4296408427935932,1,3.4,-2.248381563874897,0.21240304719777695
0.7901520918360438,-0.8768766439924739,1.2495776884233674,-0.596925902614511,-0.4911388957657715,-0.497659539123226,-0.5856427477482075,0.0,-0.15583523757508816,-0.10931481486018461,0.6931617563093321,0.4744987339347755,-0.7483392337075576,0.8257018140549461,3,6.3,0.5653573690884894,-0.9612959295587041
1.208517722454485,-0.4080702996934673,1.2495776884233674,-0.596925902614511,0.24235238088005312,1.571112047163651,1.147890978276114,0.0,0.40200974330964756,1.3218208355178507,0.25192484165588164,0.4353664510359808,-0.2549546916101457,1.5430404751112543,2,5.4,0.699989383620644,1.9241755552238708
-0.46494480001927974,1.467155077502559,1.2495776884233674,-0.596925902614511,1.7908339649101275,1.2646273677137432,1.3405058367232607,0.0,-0.15583523757508816,0.3677304019324938,-0.6305489876510187,-0.6994697530290593,1.045786373919395,0.5566998161588307,2,4.2,-0.8192421728179012,2.370842385885383
0.5809692765268232,1.467155077502559,1.2495776884233674,0.923081292702852,0.8535951114182403,1.1113850279887894,1.147890978276114,0.0,-0.7136802184598239,-0.586360031652863,-1.248280668165849,-1.2473217136121821,0.776667532775352,-0.3848071764775741,1,2.5,-2.100727082270265,1.3428169496646143
0.7901520918360438,-0.4080702996934673,-0.18598365595138475,-0.596925902614511,-0.6948864726118339,-1.072318313091803,-1.0671798938660746,0.0,0.40200974330964756,-0.2047238582187203,0.8255328307053666,1.335408957708254,-1.5108426169490126,-1.4159815017460171,3,0.0,1.1691537740879563,-1.7680600566385505
-0.046579169400838547,-1.3456829882914805,1.2495776884233674,-0.596925902614511,-0.6948864726118339,-1.072318313091803,-1.0671798938660746,0.0,-0.15583523757508816,-0.300132901577256,0.5607906819132967,0.35710188523839176,-0.7483392337075576,1.4982068087952352,3,2.7,0.6067557747866299,-1.6173038552482981
1.208517722454485,-1.3456829882914805,-0.18598365595138475,-0.596925902614511,-0.6948864726118339,-1.072318313091803,-1.0671798938660746,0.0,-0.15583523757508816,0.3677304019324938,1.222646053893472,0.9440861287203091,-1.5108426169490126,-1.4159815017460171,3,0.0,1.014155156048878,-1.8007614010741735
-0.2557619847100591,-0.4080702996934673,1.2495776884233674,-0.596925902614511,-0.08364374207364673,0.6516580088139279,0.37743154448752664,0.0,-0.7136802184598239,-0.586360031652863,-1.248280668165849,-1.2473217136121821,-1.5108426169490126,-1.4159815017460171,1,0.0,-2.300916424085103,-0.24924326163513316
1.208517722454485,1.467155077502559,-0.18598365595138475,-0.596925902614511,-0.531888411134984,-0.6125912939169414,-0.681950176971781,0.0,-0.15583523757508816,-0.39554194493579165,1.7080066600122674,1.3745412406070487,0.776667532775352,-0.6089755080576703,3,5.0,1.6728145097292662,-0.8872005939526311
0.3717864612176026,-0.8768766439924739,-1.621545000326137,-0.596925902614511,-0.531888411134984,-0.6125912939169414,-0.681950176971781,0.0,-0.7136802184598239,-0.586360031652863,-1.248280668165849,-1.2473217136121821,0.14872357010591883,1.5430404751112543,0,5.2,-1.578181060354275,-1.3092298077173292
0.3717864612176026,0.06073604460553927,1.2495776884233674,-0.596925902614511,0.44609995772611555,2.1457708211322277,1.6294281243939808,0.0,0.40200974330964756,0.3677304019324938,-0.07900284433420579,-0.03422094374955298,-0.6137798131355362,1.0050364793190234,2,4.2,-0.2812901147811055,2.4015415541480576
0.3717864612176026,-1.3456829882914805,-0.18598365595138475,0.923081292702852,-0.6948864726118339,-1.072318313091803,-1.0671798938660746,0.0,-0.15583523757508816,-0.10931481486018461,1.6197592770815774,1.2962766748094596,0.9112269533473738,-0.9676448385858245,3,4.6,1.5636648940136284,-1.3219394252954322
-1.0924932459469414,-1.3456829882914805,-1.621545000326137,-0.596925902614511,0.5275989884645405,0.07699923484535093,0.9552761198289671,0.0,-0.15583523757508816,-0.39554194493579165,-0.23343576446291361,-0.347279206939909,-0.5240735327541884,0.6015334824748498,1,3.6,-0.8929182540073158,0.7643376785147842
-0.046579169400838547,0.9983487332035524,-0.18598365595138475,-0.596925902614511,-0.6948864726118339,-1.072318313091803,-1.0671798938660746,0.0,0.40200974330964756,0.606253010328833,0.825532830705367,1.2962766748094596,0.6869612523940047,-0.47447450910961253,3,4.0,2.0499152412686446,-1.2839112320503732
0.3717864612176026,-1.3456829882914805,2.6851390327981197,-0.596925902614511,1.587086388064065,1.0730744430575512,0.9552761198289671,0.0,-0.15583523757508816,-0.39554194493579165,1.6197592770815774,1.2962766748094596,-1.5108426169490126,-1.4159815017460171,2,0.0,0.3010550535803016,1.6787128043857895
0.5809692765268232,0.9983487332035524,-0.18598365595138475,0.923081292702852,1.1388417190027278,0.6516580088139279,1.3405058367232607,0.0,-0.15583523757508816,-0.10931481486018461,0.5607906819132967,0.35710188523839176,0.7318143925846784,-0.6089755080576703,2,2.8,-0.04283433244807406,1.8035381086731763
-0.2557619847100591,-1.3456829882914805,-0.18598365595138475,0.923081292702852,-0.6948864726118339,-1.072318313091803,-1.0671798938660746,0.0,-0.15583523757508816,-0.39554194493579165,0.8696565221707119,0.6310278655299533,-1.5108426169490126,-1.4159815017460171,3,0.0,0.4252605318680148,-1.7721659378517403
0.9993349071452644,-0.8768766439924739,2.6851390327981197,-0.596925902614511,1.50558735732564,0.4792603766233548,0.7626612613818202,0.0,-0.7136802184598239,-0.586360031652863,-1.248280668165849,-1.2473217136121821,1.4943177758261335,-0.6538091743736897,1,3.6,-2.19225526417117,0.9291634277745541
-1.0924932459469414,0.9983487332035524,1.2495776884233674,-0.596925902614511,-0.6948864726118339,-1.072318313091803,-1.0671798938660746,0.0,-0.15583523757508816,-0.10931481486018461,1.8403777344083023,1.4919380893034322,1.2251989346820902,-0.2951398438455355,3,4.8,2.2793649457335348,-1.2375612418207926
1.208517722454485,-0.4080702996934673,-0.18598365595138475,2.4430884880202153,-0.6948864726118339,-1.072318313091803,-1.0671798938660746,0.0,-0.15583523757508816,-0.39554194493579165,0.8696565221707119,0.6310278655299533,1.5840240562074812,1.3637058098471775,3,6.0,1.0679232959600726,-1.1377049408674176
-0.46494480001927974,1.467155077502559,-0.18598365595138475,0.923081292702852,1.50558735732564,2.0308390663385127,1.7257355536175543,0.0,0.9598547241943832,0.2723213585739581,0.604914373378642,1.2180121090118705,1.314905215063438,0.9602028130030039,2,6.1,1.1516181049771441,3.5684636784937678
-1.0924932459469414,1.467155077502559,1.2495776884233674,-0.596925902614511,-0.12439325744285921,0.5367262540202125,0.2811241152639532,0.0,-0.15583523757508816,-0.4909509882943274,0.5607906819132967,0.35710188523839176,0.552401831821983,-0.6089755080576703,2,2.9,0.33785446710853295,0.3842822340844262
0.5809692765268232,-1.3456829882914805,2.6851390327981197,-0.596925902614511,-0.6948864726118339,-1.072318313091803,-1.0671798938660746,0.0,-0.15583523757508816,0.1292077935361546,-0.2775594559282585,-0.3864114898387034,1.1354926543007429,0.6463671487908689,0,2.7,0.1349784121716101,-1.6726234247193283
-0.046579169400838547,-0.4080702996934673,2.6851390327981197,-0.596925902614511,0.20160286551084064,1.4561802923699356,1.0515835490525405,0.0,0.40200974330964756,0.320025880253226,-0.6526108333836912,-0.6603374701302649,-0.21010155141947184,1.318872143531158,2,5.1,-0.5987045080038242,1.466751645611468
-0.046579169400838547,-0.4080702996934673,-0.18598365595138475,0.923081292702852,-0.6541369572426214,-0.9573865582980876,-0.9708724646425011,0.0,0.9598547241943832,0.8447756187251723,0.8108249335502521,0.7484247142263366,-1.5108426169490126,-1.4159815017460171,3,0.0,1.5396582905687854,-1.3403685902328004
-1.301676061256162,-0.4080702996934673,-0.18598365595138475,0.923081292702852,0.6905970499413904,0.8815215184013586,0.5700464029346735,0.0,1.517699705079119,1.798866052310529,0.5166669904479518,1.4528058064046376,-1.5108426169490126,-1.4159815017460171,2,0.0,1.836014790396009,1.597040649828138
-0.2557619847100591,0.5295423889045459,1.2495776884233674,0.923081292702852,0.6498475345721779,0.8240556410045009,0.5700464029346735,0.0,1.517699705079119,0.6539575320081009,0.46151237611627055,0.5527632997323642,-0.4792203925635148,-0.02613784594941987,2,1.6,1.2110318206631523,1.4451131859250725
0.5809692765268232,-0.8768766439924739,-0.18598365595138475,0.923081292702852,0.8943446267874529,1.168850905385647,1.3405058367232607,0.0,-0.7136802184598239,-0.586360031652863,-1.248280668165849,-1.2473217136121821,-0.9277517944702528,1.5430404751112543,1,3.0,-2.4456594266959524,1.5380726746667872
0.7901520918360438,-0.4080702996934673,1.2495776884233674,-0.596925902614511,-0.6948864726118339,-1.072318313091803,-1.0671798938660746,0.0,0.9598547241943832,0.2723213585739581,0.8108249335502521,1.413673523505843,-1.5108426169490126,-1.4159815017460171,3,0.0,1.6993213656391017,-1.6795104963146912
-0.2557619847100591,0.5295423889045459,-0.18598365595138475,-0.596925902614511,-0.6948864726118339,-1.072318313091803,-1.0671798938660746,0.0,-0.15583523757508816,-0.4909509882943274,-0.23343576446291361,-0.347279206939909,-0.9277517944702528,0.19803048563067646,0,1.3,-0.21255075560265757,-1.8661250538862952
0.9993349071452644,0.9983487332035524,-0.18598365595138475,0.923081292702852,-0.4911388957657715,-0.497659539123226,-0.5856427477482075,0.0,0.9598547241943832,1.274116313838583,0.41371171036214693,0.8266892800239257,1.0906395141100689,0.5118661498428112,3,3.0,2.0203009273019195,-0.3201234870670433
-0.2557619847100591,0.5295423889045459,-1.621545000326137,-0.596925902614511,0.28310189624926557,-0.15286427474207984,0.2811241152639532,0.0,3.191234647733326,2.8960700509336896,0.11955376725984668,1.335408957708254,0.5075486916313093,1.4085394761631966,2,2.2,3.5971975046379048,1.2945370831309115
1.4177005377637055,-1.3456829882914805,2.6851390327981197,-0.596925902614511,0.16085335014162816,1.3412485375762202,0.9552761198289671,0.0,0.9598547241943832,1.0355937054422435,0.722577550619562,1.1788798261130762,0.3281361308686139,-0.6089755080576703,2,6.1,1.3146638437988871,1.5901714287761899
0.3717864612176026,-1.3456829882914805,1.2495776884233674,0.923081292702852,0.07935431940320319,-0.3444171993982722,0.4737389737111,0.0,-0.7136802184598239,-0.586360031652863,-1.248280668165849,-1.2473217136121821,-0.12039527103812414,-0.6538091743736897,1,1.4,-2.1156653114688555,-0.4036449271193923
-0.2557619847100591,-0.4080702996934673,-0.18598365595138475,-0.596925902614511,0.28310189624926557,0.3068627444327817,0.9552761198289671,0.0,-0.7136802184598239,-0.586360031652863,-1.248280668165849,-1.2473217136121821,0.3729892710592879,0.3773651508947535,1,2.1,-2.019649884204565,0.49171471219477286
0.5809692765268232,1.467155077502559,-0.18598365595138475,0.923081292702852,-0.6948864726118339,-1.072318313091803,-1.0671798938660746,0.0,0.9598547241943832,0.6539575320081009,0.8108249335502521,1.0223506945178982,0.2832829906779402,1.0050364793190234,3,1.6,2.2602699181293957,-1.0743495569964872
-0.2557619847100591,0.06073604460553927,-0.18598365595138475,2.4430884880202153,0.44609995772611555,2.1457708211322277,1.6294281243939808,0.0,0.40200974330964756,0.606253010328833,0.2739866873885543,0.7875569971251314,-0.7034860935168838,0.2876978182627149,2,3.8,0.2903271398059338,2.7651359128499955
-0.046579169400838547,0.5295423889045459,2.6851390327981197,-0.596925902614511,-0.6948864726118339,-1.072318313091803,-1.0671798938660746,0.0,-0.15583523757508816,0.1292077935361546,0.8696565221707119,0.6310278655299533,-1.0174580748516004,0.6463671487908689,3,6.7,1.1987943168048603,-1.6540035981436136
0.7901520918360438,0.9983487332035524,-0.18598365595138475,-0.596925902614511,3.176317487463352,1.6573108632589375,1.4368132659468342,0.0,-0.7136802184598239,-0.586360031652863,-1.248280668165849,-1.2473217136121821,-1.5108426169490126,-1.4159815017460171,1,0.0,-2.99761577986924,2.523083754150091
-1.7200416918746033,-1.3456829882914805,-1.621545000326137,-0.596925902614511,0.8535951114182403,1.1113850279887894,1.147890978276114,0.0,0.40200974330964756,0.41543492361176165,0.7152236020420045,1.061482977416693,0.8663738131566998,0.42219881721077257,2,3.7,0.8828982348841162,2.217369441150143
-0.8833104306377209,-0.8768766439924739,1.2495776884233674,0.923081292702852,-0.6948864726118339,-1.072318313091803,-1.0671798938660746,0.0,-0.15583523757508816,-0.10931481486018461,-0.6305489876510187,-0.6994697530290593,-0.5689266729448623,1.3637058098471775,0,3.7,-0.3639234668111825,-1.6524605260906378
0.3717864612176026,-1.3456829882914805,-0.18598365595138475,-0.596925902614511,0.12010383477241568,1.2263167827825048,0.8589686906053937,0.0,-0.15583523757508816,0.1292077935361546,0.5607906819132967,0.35710188523839176,1.0009332337287211,-0.5641418417416512,2,4.2,0.017997105613538948,1.3241264785841853
-0.46494480001927974,-1.3456829882914805,-0.18598365595138475,-0.596925902614511,-0.6541369572426214,-0.9573865582980876,-0.9708724646425011,0.0,-0.7136802184598239,-0.586360031652863,-1.248280668165849,-1.2473217136121821,0.014164149533897238,-0.7434765070057282,0,5.3,-1.6740813471415155,-1.9721615492177555
-0.046579169400838547,1.467155077502559,-1.621545000326137,-0.596925902614511,1.3833388112180025,0.8815215184013586,1.147890978276114,0.0,-0.7136802184598239,-0.586360031652863,-1.248280668165849,-1.2473217136121821,-0.7931923738982314,1.139537478267081,1,6.0,-2.2004164784702835,1.4554495921119588
0.9993349071452644,0.06073604460553927,-0.18598365595138475,-0.596925902614511,0.486849473095328,2.260702575925943,1.7257355536175543,0.0,2.0755446859638544,2.5621383991788145,1.0461512880320922,1.335408957708254,1.0906395141100689,0.9602028130030039,2,2.9,2.7639592124825945,3.462024384637044
